MDSS01.LC03MDC.FOTL_STA,Status,,,MDSS01.LC03CALC.DG01EV02,0|1002,LMS_FOT
MDSS01.LC03MDC.FOTL_FLW,Flow Rate               ,,,MDSS01.LC03CALC.DG01EV02,0|1002,LMS_FOT
MDSS01.LC03MDC.FOTL_LFR,Last Flow Rate          ,,,MDSS01.LC03CALC.DG01EV02,0|1002,LMS_FOT
MDSS01.LC03MDC.FOTL_LKV,Leak Value              ,,,MDSS01.LC03CALC.DG01EV02,0|1002,LMS_FOT
MDSS01.LC03MDC.FOTL_MEM,Memory Usage            ,,,MDSS01.LC03CALC.DG01EV02,0|1002,LMS_FOT
MDSS01.LC03MDC.FOTL_MN,Mean                    ,,,MDSS01.LC03CALC.DG01EV02,0|1002,LMS_FOT
MDSS01.LC03MDC.FOTL_MNR,Mean Ratio              ,,,MDSS01.LC03CALC.DG01EV02,0|1002,LMS_FOT
MDSS01.LC03MDC.FOTL_PON,Pump On                 ,,,MDSS01.LC03CALC.DG01EV02,0|1002,LMS_FOT
MDSS01.LC03MDC.FOTL_SEG,Segment Type            ,,,MDSS01.LC03CALC.DG01EV02,0|1002,LMS_FOT
MDSS01.LC03MDC.FOTLAB20,Air Bubble 20 um        ,,,MDSS01.LC03CALC.DG01EV02,0|1002,LMS_FOT
MDSS01.LC03MDC.FOTLAB21,Air Bubble 21 um        ,,,MDSS01.LC03CALC.DG01EV02,0|1002,LMS_FOT
MDSS01.LC03MDC.FOTLAB25,Air Bubble 25 um        ,,,MDSS01.LC03CALC.DG01EV02,0|1002,LMS_FOT
MDSS01.LC03MDC.FOTLAB38,Air Bubble 38 um        ,,,MDSS01.LC03CALC.DG01EV02,0|1002,LMS_FOT
MDSS01.LC03MDC.FOTLAB50,Air Bubble 50 um        ,,,MDSS01.LC03CALC.DG01EV02,0|1002,LMS_FOT
MDSS01.LC03MDC.FOTLAB70,Air Bubble 70 um        ,,,MDSS01.LC03CALC.DG01EV02,0|1002,LMS_FOT
MDSS01.LC03MDC.FOTLABXL,Air Bubble 100 um       ,,,MDSS01.LC03CALC.DG01EV02,0|1002,LMS_FOT
MDSS01.LC03MDC.FOTLBSW,BSW                     ,,,MDSS01.LC03CALC.DG01EV02,0|1002,LMS_FOT
MDSS01.LC03MDC.FOTLBTEC,BIT ERROR CODE          ,,,MDSS01.LC03CALC.DG01EV02,0|1002,LMS_FOT
MDSS01.LC03MDC.FOTLBTST,LNF Run State           ,,,MDSS01.LC03CALC.DG01EV02,0|1002,LMS_FOT
MDSS01.LC03MDC.FOTLCC20,CutCum20                ,,,MDSS01.LC03CALC.DG01EV02,0|1002,LMS_FOT
MDSS01.LC03MDC.FOTLCC25,CutCum25                ,,,MDSS01.LC03CALC.DG01EV02,0|1002,LMS_FOT
MDSS01.LC03MDC.FOTLCC50,CutCum50                ,,,MDSS01.LC03CALC.DG01EV02,0|1002,LMS_FOT
MDSS01.LC03MDC.FOTLCCMN,CutCntMean              ,,,MDSS01.LC03CALC.DG01EV02,0|1002,LMS_FOT
MDSS01.LC03MDC.FOTLCCMS,CutMaxSize              ,,,MDSS01.LC03CALC.DG01EV02,0|1002,LMS_FOT
MDSS01.LC03MDC.FOTLCCSD,CutCntStdDev            ,,,MDSS01.LC03CALC.DG01EV02,0|1002,LMS_FOT
MDSS01.LC03MDC.FOTLCCXL,CutCum100               ,,,MDSS01.LC03CALC.DG01EV02,0|1002,LMS_FOT
MDSS01.LC03MDC.FOTLCD04,CDiamCum4               ,,,MDSS01.LC03CALC.DG01EV02,0|1002,LMS_FOT
MDSS01.LC03MDC.FOTLCD05,CdiamCum5               ,,,MDSS01.LC03CALC.DG01EV02,0|1002,LMS_FOT
MDSS01.LC03MDC.FOTLCD06,CdiamCum6               ,,,MDSS01.LC03CALC.DG01EV02,0|1002,LMS_FOT
MDSS01.LC03MDC.FOTLCD10,CdiamCum10              ,,,MDSS01.LC03CALC.DG01EV02,0|1002,LMS_FOT
MDSS01.LC03MDC.FOTLCD14,CdiamCum14              ,,,MDSS01.LC03CALC.DG01EV02,0|1002,LMS_FOT
MDSS01.LC03MDC.FOTLCD15,CdiamCum15              ,,,MDSS01.LC03CALC.DG01EV02,0|1002,LMS_FOT
MDSS01.LC03MDC.FOTLCD20,CdiamCum20              ,,,MDSS01.LC03CALC.DG01EV02,0|1002,LMS_FOT
MDSS01.LC03MDC.FOTLCD21,CdiamCum21              ,,,MDSS01.LC03CALC.DG01EV02,0|1002,LMS_FOT
MDSS01.LC03MDC.FOTLCD25,CdiamCum25              ,,,MDSS01.LC03CALC.DG01EV02,0|1002,LMS_FOT
MDSS01.LC03MDC.FOTLCD38,CdiamCum38              ,,,MDSS01.LC03CALC.DG01EV02,0|1002,LMS_FOT
MDSS01.LC03MDC.FOTLCD50,CdiamCum50              ,,,MDSS01.LC03CALC.DG01EV02,0|1002,LMS_FOT
MDSS01.LC03MDC.FOTLCD70,CdiamCum70              ,,,MDSS01.LC03CALC.DG01EV02,0|1002,LMS_FOT
MDSS01.LC03MDC.FOTLCDXL,CdiamCum10              ,,,MDSS01.LC03CALC.DG01EV02,0|1002,LMS_FOT
MDSS01.LC03MDC.FOTLCFD,CFD                     ,,,MDSS01.LC03CALC.DG01EV02,0|1002,LMS_FOT
MDSS01.LC03MDC.FOTLCHRN,CameraGain              ,,,MDSS01.LC03CALC.DG01EV02,0|1002,LMS_FOT
MDSS01.LC03MDC.FOTLFC20,FatCum20                ,,,MDSS01.LC03CALC.DG01EV02,0|1002,LMS_FOT
MDSS01.LC03MDC.FOTLFC25,FatCum25                ,,,MDSS01.LC03CALC.DG01EV02,0|1002,LMS_FOT
MDSS01.LC03MDC.FOTLFC50,FatCum50                ,,,MDSS01.LC03CALC.DG01EV02,0|1002,LMS_FOT
MDSS01.LC03MDC.FOTLFCMN,FatCntMean              ,,,MDSS01.LC03CALC.DG01EV02,0|1002,LMS_FOT
MDSS01.LC03MDC.FOTLFCMS,FatMaxSize              ,,,MDSS01.LC03CALC.DG01EV02,0|1002,LMS_FOT
MDSS01.LC03MDC.FOTLFCSD,FatCntStdDev            ,,,MDSS01.LC03CALC.DG01EV02,0|1002,LMS_FOT
MDSS01.LC03MDC.FOTLFCXL,FatCum100               ,,,MDSS01.LC03CALC.DG01EV02,0|1002,LMS_FOT
MDSS01.LC03MDC.FOTLFIBE,Fibers                  ,,,MDSS01.LC03CALC.DG01EV02,0|1002,LMS_FOT
MDSS01.LC03MDC.FOTLHAL,HAL                     ,,,MDSS01.LC03CALC.DG01EV02,0|1002,LMS_FOT
MDSS01.LC03MDC.FOTLISO4,ISO4                    ,,,MDSS01.LC03CALC.DG01EV02,0|1002,LMS_FOT
MDSS01.LC03MDC.FOTLISO6,ISO6                    ,,,MDSS01.LC03CALC.DG01EV02,0|1002,LMS_FOT
MDSS01.LC03MDC.FOTLISOL,ISO14                   ,,,MDSS01.LC03CALC.DG01EV02,0|1002,LMS_FOT
MDSS01.LC03MDC.FOTLMD05,MdiamCum5               ,,,MDSS01.LC03CALC.DG01EV02,0|1002,LMS_FOT
MDSS01.LC03MDC.FOTLMD10,MdiamCum10              ,,,MDSS01.LC03CALC.DG01EV02,0|1002,LMS_FOT
MDSS01.LC03MDC.FOTLMD15,MdiamCum15              ,,,MDSS01.LC03CALC.DG01EV02,0|1002,LMS_FOT
MDSS01.LC03MDC.FOTLMD20,MdiamCum20              ,,,MDSS01.LC03CALC.DG01EV02,0|1002,LMS_FOT
MDSS01.LC03MDC.FOTLMD25,MdiamCum25              ,,,MDSS01.LC03CALC.DG01EV02,0|1002,LMS_FOT
MDSS01.LC03MDC.FOTLMD50,MDiamCum50              ,,,MDSS01.LC03CALC.DG01EV02,0|1002,LMS_FOT
MDSS01.LC03MDC.FOTLMDMN,MdiamMeanSize           ,,,MDSS01.LC03CALC.DG01EV02,0|1002,LMS_FOT
MDSS01.LC03MDC.FOTLMDMS,MdiamMaxSize            ,,,MDSS01.LC03CALC.DG01EV02,0|1002,LMS_FOT
MDSS01.LC03MDC.FOTLMDSD,MdiamStdDev             ,,,MDSS01.LC03CALC.DG01EV02,0|1002,LMS_FOT
MDSS01.LC03MDC.FOTLMDXL,MDiamCum10              ,,,MDSS01.LC03CALC.DG01EV02,0|1002,LMS_FOT
MDSS01.LC03MDC.FOTLNAIR,NAVAIR                  ,,,MDSS01.LC03CALC.DG01EV02,0|1002,LMS_FOT
MDSS01.LC03MDC.FOTLNAS,NAS                     ,,,MDSS01.LC03CALC.DG01EV02,0|1002,LMS_FOT
MDSS01.LC03MDC.FOTLNS05,NAS 5 um                ,,,MDSS01.LC03CALC.DG01EV02,0|1002,LMS_FOT
MDSS01.LC03MDC.FOTLNS15,NAS 15 um               ,,,MDSS01.LC03CALC.DG01EV02,0|1002,LMS_FOT
MDSS01.LC03MDC.FOTLNS25,NAS 20 um               ,,,MDSS01.LC03CALC.DG01EV02,0|1002,LMS_FOT
MDSS01.LC03MDC.FOTLNS50,NAS 50 um               ,,,MDSS01.LC03CALC.DG01EV02,0|1002,LMS_FOT
MDSS01.LC03MDC.FOTLNSXL,NAS gt 100 um           ,,,MDSS01.LC03CALC.DG01EV02,0|1002,LMS_FOT
MDSS01.LC03MDC.FOTLNV05,NAV Code 5 um           ,,,MDSS01.LC03CALC.DG01EV02,0|1002,LMS_FOT
MDSS01.LC03MDC.FOTLNV15,NAV Code 15 um          ,,,MDSS01.LC03CALC.DG01EV02,0|1002,LMS_FOT
MDSS01.LC03MDC.FOTLNV25,NAV Code 20 um          ,,,MDSS01.LC03CALC.DG01EV02,0|1002,LMS_FOT
MDSS01.LC03MDC.FOTLNV50,NAV Code 50 um          ,,,MDSS01.LC03CALC.DG01EV02,0|1002,LMS_FOT
MDSS01.LC03MDC.FOTLNVXL,NAV Code gt 100 um      ,,,MDSS01.LC03CALC.DG01EV02,0|1002,LMS_FOT
MDSS01.LC03MDC.FOTLOC20,Other Cum 20 um         ,,,MDSS01.LC03CALC.DG01EV02,0|1002,LMS_FOT
MDSS01.LC03MDC.FOTLOC25,OtherCum25              ,,,MDSS01.LC03CALC.DG01EV02,0|1002,LMS_FOT
MDSS01.LC03MDC.FOTLOC50,OtherCum50              ,,,MDSS01.LC03CALC.DG01EV02,0|1002,LMS_FOT
MDSS01.LC03MDC.FOTLOCMN,OtherCntMean            ,,,MDSS01.LC03CALC.DG01EV02,0|1002,LMS_FOT
MDSS01.LC03MDC.FOTLOCMS,OtherMaxSize            ,,,MDSS01.LC03CALC.DG01EV02,0|1002,LMS_FOT
MDSS01.LC03MDC.FOTLOCSD,OtherCntStdDev          ,,,MDSS01.LC03CALC.DG01EV02,0|1002,LMS_FOT
MDSS01.LC03MDC.FOTLOCXL,OtherCum100             ,,,MDSS01.LC03CALC.DG01EV02,0|1002,LMS_FOT
MDSS01.LC03MDC.FOTLOX20,OxideCum20              ,,,MDSS01.LC03CALC.DG01EV02,0|1002,LMS_FOT
MDSS01.LC03MDC.FOTLOX25,OxideCum25              ,,,MDSS01.LC03CALC.DG01EV02,0|1002,LMS_FOT
MDSS01.LC03MDC.FOTLOX50,OxideCum50              ,,,MDSS01.LC03CALC.DG01EV02,0|1002,LMS_FOT
MDSS01.LC03MDC.FOTLOXMN,OxideCntMean            ,,,MDSS01.LC03CALC.DG01EV02,0|1002,LMS_FOT
MDSS01.LC03MDC.FOTLOXMS,OxideMaxSize            ,,,MDSS01.LC03CALC.DG01EV02,0|1002,LMS_FOT
MDSS01.LC03MDC.FOTLOXSD,OxideCntStdDev          ,,,MDSS01.LC03CALC.DG01EV02,0|1002,LMS_FOT
MDSS01.LC03MDC.FOTLOXXL,OxideCum100             ,,,MDSS01.LC03CALC.DG01EV02,0|1002,LMS_FOT
MDSS01.LC03MDC.FOTLSA04,SAE4                    ,,,MDSS01.LC03CALC.DG01EV02,0|1002,LMS_FOT
MDSS01.LC03MDC.FOTLSA06,SAE6                    ,,,MDSS01.LC03CALC.DG01EV02,0|1002,LMS_FOT
MDSS01.LC03MDC.FOTLSA14,SAE14                   ,,,MDSS01.LC03CALC.DG01EV02,0|1002,LMS_FOT
MDSS01.LC03MDC.FOTLSA21,SAE21                   ,,,MDSS01.LC03CALC.DG01EV02,0|1002,LMS_FOT
MDSS01.LC03MDC.FOTLSA38,SAE38                   ,,,MDSS01.LC03CALC.DG01EV02,0|1002,LMS_FOT
MDSS01.LC03MDC.FOTLSA70,SAE70                   ,,,MDSS01.LC03CALC.DG01EV02,0|1002,LMS_FOT
MDSS01.LC03MDC.FOTLSAE,SAE                     ,,,MDSS01.LC03CALC.DG01EV02,0|1002,LMS_FOT
MDSS01.LC03MDC.FOTLSAEM,SAEmax                  ,,,MDSS01.LC03CALC.DG01EV02,0|1002,LMS_FOT
MDSS01.LC03MDC.FOTLSC20,SlideCum20              ,,,MDSS01.LC03CALC.DG01EV02,0|1002,LMS_FOT
MDSS01.LC03MDC.FOTLSC25,SlideCum25              ,,,MDSS01.LC03CALC.DG01EV02,0|1002,LMS_FOT
MDSS01.LC03MDC.FOTLSC50,SlideCum50              ,,,MDSS01.LC03CALC.DG01EV02,0|1002,LMS_FOT
MDSS01.LC03MDC.FOTLSCMN,SlideCntMean            ,,,MDSS01.LC03CALC.DG01EV02,0|1002,LMS_FOT
MDSS01.LC03MDC.FOTLSCMS,SlideMaxSize            ,,,MDSS01.LC03CALC.DG01EV02,0|1002,LMS_FOT
MDSS01.LC03MDC.FOTLSCSD,SlideCntStdDev          ,,,MDSS01.LC03CALC.DG01EV02,0|1002,LMS_FOT
MDSS01.LC03MDC.FOTLSCXL,SlideCum100             ,,,MDSS01.LC03CALC.DG01EV02,0|1002,LMS_FOT
MDSS01.LC03MDC.FOTLSOOT,PctSoot                 ,,,MDSS01.LC03CALC.DG01EV02,0|1002,LMS_FOT
MDSS01.LC03MDC.FOTLT_IN,Temp IN                 ,,,MDSS01.LC03CALC.DG01EV02,0|1002,LMS_FOT
MDSS01.LC03MDC.FOTLT_OU,Temp Out                ,,,MDSS01.LC03CALC.DG01EV02,0|1002,LMS_FOT
MDSS01.LC03MDC.FOTLUC_1,User Count 1            ,,,MDSS01.LC03CALC.DG01EV02,0|1002,LMS_FOT
MDSS01.LC03MDC.FOTLUC_2,User Count 2            ,,,MDSS01.LC03CALC.DG01EV02,0|1002,LMS_FOT
MDSS01.LC03MDC.FOTLUC_3,User Count 3            ,,,MDSS01.LC03CALC.DG01EV02,0|1002,LMS_FOT
MDSS01.LC03MDC.FOTLUC_4,User Count 4            ,,,MDSS01.LC03CALC.DG01EV02,0|1002,LMS_FOT
MDSS01.LC03MDC.FOTLUC_5,User Count 5            ,,,MDSS01.LC03CALC.DG01EV02,0|1002,LMS_FOT
MDSS01.LC03MDC.FOTLUC_6,User Count 6            ,,,MDSS01.LC03CALC.DG01EV02,0|1002,LMS_FOT
MDSS01.LC03MDC.FOTLUS_1,User Size 1             ,,,MDSS01.LC03CALC.DG01EV02,0|1002,LMS_FOT
MDSS01.LC03MDC.FOTLUS_2,User Size 2             ,,,MDSS01.LC03CALC.DG01EV02,0|1002,LMS_FOT
MDSS01.LC03MDC.FOTLUS_3,User Size 3             ,,,MDSS01.LC03CALC.DG01EV02,0|1002,LMS_FOT
MDSS01.LC03MDC.FOTLUS_4,User Size 4             ,,,MDSS01.LC03CALC.DG01EV02,0|1002,LMS_FOT
MDSS01.LC03MDC.FOTLUS_5,User Size 5             ,,,MDSS01.LC03CALC.DG01EV02,0|1002,LMS_FOT
MDSS01.LC03MDC.FOTLUS_6,User Size 6             ,,,MDSS01.LC03CALC.DG01EV02,0|1002,LMS_FOT
MDSS01.LC03MDC.FOTLVISC,Viscosity40C            ,,,MDSS01.LC03CALC.DG01EV02,0|1002,LMS_FOT
MDSS01.LC03MDC.FOTLWBIN,WearBin                 ,,,MDSS01.LC03CALC.DG01EV02,0|1002,LMS_FOT
MDSS01.LC03MDC.FOTLWD20,Water Drop 20 um        ,,,MDSS01.LC03CALC.DG01EV02,0|1002,LMS_FOT
MDSS01.LC03MDC.FOTLWD21,Water Drop 21 um        ,,,MDSS01.LC03CALC.DG01EV02,0|1002,LMS_FOT
MDSS01.LC03MDC.FOTLWD25,Water Drop 25 um        ,,,MDSS01.LC03CALC.DG01EV02,0|1002,LMS_FOT
MDSS01.LC03MDC.FOTLWD38,Water Drop 38 um        ,,,MDSS01.LC03CALC.DG01EV02,0|1002,LMS_FOT
MDSS01.LC03MDC.FOTLWD50,Water Drop 50 um        ,,,MDSS01.LC03CALC.DG01EV02,0|1002,LMS_FOT
MDSS01.LC03MDC.FOTLWD70,Water Drop 70 um        ,,,MDSS01.LC03CALC.DG01EV02,0|1002,LMS_FOT
MDSS01.LC03MDC.FOTLWDXL,Water Drop 100 um       ,,,MDSS01.LC03CALC.DG01EV02,0|1002,LMS_FOT
MDSS01.LC03MDC.FOTLWPPM,WaterIndex              ,,,MDSS01.LC03CALC.DG01EV02,0|1002,LMS_FOT
MDSS01.LC03MDC.PD2L_STA,Status,,,MDSS01.LC03CALC.DG01EV02,0|1002,LMS_PD2
MDSS01.LC03MDC.PD2L_FLW,Flow Rate               ,,,MDSS01.LC03CALC.DG01EV02,0|1002,LMS_PD2
MDSS01.LC03MDC.PD2L_LFR,Last Flow Rate          ,,,MDSS01.LC03CALC.DG01EV02,0|1002,LMS_PD2
MDSS01.LC03MDC.PD2L_LKV,Leak Value              ,,,MDSS01.LC03CALC.DG01EV02,0|1002,LMS_PD2
MDSS01.LC03MDC.PD2L_MEM,Memory Usage            ,,,MDSS01.LC03CALC.DG01EV02,0|1002,LMS_PD2
MDSS01.LC03MDC.PD2L_MN,Mean                    ,,,MDSS01.LC03CALC.DG01EV02,0|1002,LMS_PD2
MDSS01.LC03MDC.PD2L_MNR,Mean Ratio              ,,,MDSS01.LC03CALC.DG01EV02,0|1002,LMS_PD2
MDSS01.LC03MDC.PD2L_PON,Pump On                 ,,,MDSS01.LC03CALC.DG01EV02,0|1002,LMS_PD2
MDSS01.LC03MDC.PD2L_SEG,Segment Type            ,,,MDSS01.LC03CALC.DG01EV02,0|1002,LMS_PD2
MDSS01.LC03MDC.PD2LAB20,Air Bubble 20 um        ,,,MDSS01.LC03CALC.DG01EV02,0|1002,LMS_PD2
MDSS01.LC03MDC.PD2LAB21,Air Bubble 21 um        ,,,MDSS01.LC03CALC.DG01EV02,0|1002,LMS_PD2
MDSS01.LC03MDC.PD2LAB25,Air Bubble 25 um        ,,,MDSS01.LC03CALC.DG01EV02,0|1002,LMS_PD2
MDSS01.LC03MDC.PD2LAB38,Air Bubble 38 um        ,,,MDSS01.LC03CALC.DG01EV02,0|1002,LMS_PD2
MDSS01.LC03MDC.PD2LAB50,Air Bubble 50 um        ,,,MDSS01.LC03CALC.DG01EV02,0|1002,LMS_PD2
MDSS01.LC03MDC.PD2LAB70,Air Bubble 70 um        ,,,MDSS01.LC03CALC.DG01EV02,0|1002,LMS_PD2
MDSS01.LC03MDC.PD2LABXL,Air Bubble 100 um       ,,,MDSS01.LC03CALC.DG01EV02,0|1002,LMS_PD2
MDSS01.LC03MDC.PD2LBSW,BSW                     ,,,MDSS01.LC03CALC.DG01EV02,0|1002,LMS_PD2
MDSS01.LC03MDC.PD2LBTEC,BIT ERROR CODE          ,,,MDSS01.LC03CALC.DG01EV02,0|1002,LMS_PD2
MDSS01.LC03MDC.PD2LBTST,LNF Run State           ,,,MDSS01.LC03CALC.DG01EV02,0|1002,LMS_PD2
MDSS01.LC03MDC.PD2LCC20,CutCum20                ,,,MDSS01.LC03CALC.DG01EV02,0|1002,LMS_PD2
MDSS01.LC03MDC.PD2LCC25,CutCum25                ,,,MDSS01.LC03CALC.DG01EV02,0|1002,LMS_PD2
MDSS01.LC03MDC.PD2LCC50,CutCum50                ,,,MDSS01.LC03CALC.DG01EV02,0|1002,LMS_PD2
MDSS01.LC03MDC.PD2LCCMN,CutCntMean              ,,,MDSS01.LC03CALC.DG01EV02,0|1002,LMS_PD2
MDSS01.LC03MDC.PD2LCCMS,CutMaxSize              ,,,MDSS01.LC03CALC.DG01EV02,0|1002,LMS_PD2
MDSS01.LC03MDC.PD2LCCSD,CutCntStdDev            ,,,MDSS01.LC03CALC.DG01EV02,0|1002,LMS_PD2
MDSS01.LC03MDC.PD2LCCXL,CutCum100               ,,,MDSS01.LC03CALC.DG01EV02,0|1002,LMS_PD2
MDSS01.LC03MDC.PD2LCD04,CDiamCum4               ,,,MDSS01.LC03CALC.DG01EV02,0|1002,LMS_PD2
MDSS01.LC03MDC.PD2LCD05,CdiamCum5               ,,,MDSS01.LC03CALC.DG01EV02,0|1002,LMS_PD2
MDSS01.LC03MDC.PD2LCD06,CdiamCum6               ,,,MDSS01.LC03CALC.DG01EV02,0|1002,LMS_PD2
MDSS01.LC03MDC.PD2LCD10,CdiamCum10              ,,,MDSS01.LC03CALC.DG01EV02,0|1002,LMS_PD2
MDSS01.LC03MDC.PD2LCD14,CdiamCum14              ,,,MDSS01.LC03CALC.DG01EV02,0|1002,LMS_PD2
MDSS01.LC03MDC.PD2LCD15,CdiamCum15              ,,,MDSS01.LC03CALC.DG01EV02,0|1002,LMS_PD2
MDSS01.LC03MDC.PD2LCD20,CdiamCum20              ,,,MDSS01.LC03CALC.DG01EV02,0|1002,LMS_PD2
MDSS01.LC03MDC.PD2LCD21,CdiamCum21              ,,,MDSS01.LC03CALC.DG01EV02,0|1002,LMS_PD2
MDSS01.LC03MDC.PD2LCD25,CdiamCum25              ,,,MDSS01.LC03CALC.DG01EV02,0|1002,LMS_PD2
MDSS01.LC03MDC.PD2LCD38,CdiamCum38              ,,,MDSS01.LC03CALC.DG01EV02,0|1002,LMS_PD2
MDSS01.LC03MDC.PD2LCD50,CdiamCum50              ,,,MDSS01.LC03CALC.DG01EV02,0|1002,LMS_PD2
MDSS01.LC03MDC.PD2LCD70,CdiamCum70              ,,,MDSS01.LC03CALC.DG01EV02,0|1002,LMS_PD2
MDSS01.LC03MDC.PD2LCDXL,CdiamCum10              ,,,MDSS01.LC03CALC.DG01EV02,0|1002,LMS_PD2
MDSS01.LC03MDC.PD2LCFD,CFD                     ,,,MDSS01.LC03CALC.DG01EV02,0|1002,LMS_PD2
MDSS01.LC03MDC.PD2LCHRN,CameraGain              ,,,MDSS01.LC03CALC.DG01EV02,0|1002,LMS_PD2
MDSS01.LC03MDC.PD2LFC20,FatCum20                ,,,MDSS01.LC03CALC.DG01EV02,0|1002,LMS_PD2
MDSS01.LC03MDC.PD2LFC25,FatCum25                ,,,MDSS01.LC03CALC.DG01EV02,0|1002,LMS_PD2
MDSS01.LC03MDC.PD2LFC50,FatCum50                ,,,MDSS01.LC03CALC.DG01EV02,0|1002,LMS_PD2
MDSS01.LC03MDC.PD2LFCMN,FatCntMean              ,,,MDSS01.LC03CALC.DG01EV02,0|1002,LMS_PD2
MDSS01.LC03MDC.PD2LFCMS,FatMaxSize              ,,,MDSS01.LC03CALC.DG01EV02,0|1002,LMS_PD2
MDSS01.LC03MDC.PD2LFCSD,FatCntStdDev            ,,,MDSS01.LC03CALC.DG01EV02,0|1002,LMS_PD2
MDSS01.LC03MDC.PD2LFCXL,FatCum100               ,,,MDSS01.LC03CALC.DG01EV02,0|1002,LMS_PD2
MDSS01.LC03MDC.PD2LFIBE,Fibers                  ,,,MDSS01.LC03CALC.DG01EV02,0|1002,LMS_PD2
MDSS01.LC03MDC.PD2LHAL,HAL                     ,,,MDSS01.LC03CALC.DG01EV02,0|1002,LMS_PD2
MDSS01.LC03MDC.PD2LISO4,ISO4                    ,,,MDSS01.LC03CALC.DG01EV02,0|1002,LMS_PD2
MDSS01.LC03MDC.PD2LISO6,ISO6                    ,,,MDSS01.LC03CALC.DG01EV02,0|1002,LMS_PD2
MDSS01.LC03MDC.PD2LISOL,ISO14                   ,,,MDSS01.LC03CALC.DG01EV02,0|1002,LMS_PD2
MDSS01.LC03MDC.PD2LMD05,MdiamCum5               ,,,MDSS01.LC03CALC.DG01EV02,0|1002,LMS_PD2
MDSS01.LC03MDC.PD2LMD10,MdiamCum10              ,,,MDSS01.LC03CALC.DG01EV02,0|1002,LMS_PD2
MDSS01.LC03MDC.PD2LMD15,MdiamCum15              ,,,MDSS01.LC03CALC.DG01EV02,0|1002,LMS_PD2
MDSS01.LC03MDC.PD2LMD20,MdiamCum20              ,,,MDSS01.LC03CALC.DG01EV02,0|1002,LMS_PD2
MDSS01.LC03MDC.PD2LMD25,MdiamCum25              ,,,MDSS01.LC03CALC.DG01EV02,0|1002,LMS_PD2
MDSS01.LC03MDC.PD2LMD50,MDiamCum50              ,,,MDSS01.LC03CALC.DG01EV02,0|1002,LMS_PD2
MDSS01.LC03MDC.PD2LMDMN,MdiamMeanSize           ,,,MDSS01.LC03CALC.DG01EV02,0|1002,LMS_PD2
MDSS01.LC03MDC.PD2LMDMS,MdiamMaxSize            ,,,MDSS01.LC03CALC.DG01EV02,0|1002,LMS_PD2
MDSS01.LC03MDC.PD2LMDSD,MdiamStdDev             ,,,MDSS01.LC03CALC.DG01EV02,0|1002,LMS_PD2
MDSS01.LC03MDC.PD2LMDXL,MDiamCum10              ,,,MDSS01.LC03CALC.DG01EV02,0|1002,LMS_PD2
MDSS01.LC03MDC.PD2LNAIR,NAVAIR                  ,,,MDSS01.LC03CALC.DG01EV02,0|1002,LMS_PD2
MDSS01.LC03MDC.PD2LNAS,NAS                     ,,,MDSS01.LC03CALC.DG01EV02,0|1002,LMS_PD2
MDSS01.LC03MDC.PD2LNS05,NAS 5 um                ,,,MDSS01.LC03CALC.DG01EV02,0|1002,LMS_PD2
MDSS01.LC03MDC.PD2LNS15,NAS 15 um               ,,,MDSS01.LC03CALC.DG01EV02,0|1002,LMS_PD2
MDSS01.LC03MDC.PD2LNS25,NAS 20 um               ,,,MDSS01.LC03CALC.DG01EV02,0|1002,LMS_PD2
MDSS01.LC03MDC.PD2LNS50,NAS 50 um               ,,,MDSS01.LC03CALC.DG01EV02,0|1002,LMS_PD2
MDSS01.LC03MDC.PD2LNSXL,NAS gt 100 um           ,,,MDSS01.LC03CALC.DG01EV02,0|1002,LMS_PD2
MDSS01.LC03MDC.PD2LNV05,NAV Code 5 um           ,,,MDSS01.LC03CALC.DG01EV02,0|1002,LMS_PD2
MDSS01.LC03MDC.PD2LNV15,NAV Code 15 um          ,,,MDSS01.LC03CALC.DG01EV02,0|1002,LMS_PD2
MDSS01.LC03MDC.PD2LNV25,NAV Code 20 um          ,,,MDSS01.LC03CALC.DG01EV02,0|1002,LMS_PD2
MDSS01.LC03MDC.PD2LNV50,NAV Code 50 um          ,,,MDSS01.LC03CALC.DG01EV02,0|1002,LMS_PD2
MDSS01.LC03MDC.PD2LNVXL,NAV Code gt 100 um      ,,,MDSS01.LC03CALC.DG01EV02,0|1002,LMS_PD2
MDSS01.LC03MDC.PD2LOC20,Other Cum 20 um         ,,,MDSS01.LC03CALC.DG01EV02,0|1002,LMS_PD2
MDSS01.LC03MDC.PD2LOC25,OtherCum25              ,,,MDSS01.LC03CALC.DG01EV02,0|1002,LMS_PD2
MDSS01.LC03MDC.PD2LOC50,OtherCum50              ,,,MDSS01.LC03CALC.DG01EV02,0|1002,LMS_PD2
MDSS01.LC03MDC.PD2LOCMN,OtherCntMean            ,,,MDSS01.LC03CALC.DG01EV02,0|1002,LMS_PD2
MDSS01.LC03MDC.PD2LOCMS,OtherMaxSize            ,,,MDSS01.LC03CALC.DG01EV02,0|1002,LMS_PD2
MDSS01.LC03MDC.PD2LOCSD,OtherCntStdDev          ,,,MDSS01.LC03CALC.DG01EV02,0|1002,LMS_PD2
MDSS01.LC03MDC.PD2LOCXL,OtherCum100             ,,,MDSS01.LC03CALC.DG01EV02,0|1002,LMS_PD2
MDSS01.LC03MDC.PD2LOX20,OxideCum20              ,,,MDSS01.LC03CALC.DG01EV02,0|1002,LMS_PD2
MDSS01.LC03MDC.PD2LOX25,OxideCum25              ,,,MDSS01.LC03CALC.DG01EV02,0|1002,LMS_PD2
MDSS01.LC03MDC.PD2LOX50,OxideCum50              ,,,MDSS01.LC03CALC.DG01EV02,0|1002,LMS_PD2
MDSS01.LC03MDC.PD2LOXMN,OxideCntMean            ,,,MDSS01.LC03CALC.DG01EV02,0|1002,LMS_PD2
MDSS01.LC03MDC.PD2LOXMS,OxideMaxSize            ,,,MDSS01.LC03CALC.DG01EV02,0|1002,LMS_PD2
MDSS01.LC03MDC.PD2LOXSD,OxideCntStdDev          ,,,MDSS01.LC03CALC.DG01EV02,0|1002,LMS_PD2
MDSS01.LC03MDC.PD2LOXXL,OxideCum100             ,,,MDSS01.LC03CALC.DG01EV02,0|1002,LMS_PD2
MDSS01.LC03MDC.PD2LSA04,SAE4                    ,,,MDSS01.LC03CALC.DG01EV02,0|1002,LMS_PD2
MDSS01.LC03MDC.PD2LSA06,SAE6                    ,,,MDSS01.LC03CALC.DG01EV02,0|1002,LMS_PD2
MDSS01.LC03MDC.PD2LSA14,SAE14                   ,,,MDSS01.LC03CALC.DG01EV02,0|1002,LMS_PD2
MDSS01.LC03MDC.PD2LSA21,SAE21                   ,,,MDSS01.LC03CALC.DG01EV02,0|1002,LMS_PD2
MDSS01.LC03MDC.PD2LSA38,SAE38                   ,,,MDSS01.LC03CALC.DG01EV02,0|1002,LMS_PD2
MDSS01.LC03MDC.PD2LSA70,SAE70                   ,,,MDSS01.LC03CALC.DG01EV02,0|1002,LMS_PD2
MDSS01.LC03MDC.PD2LSAE,SAE                     ,,,MDSS01.LC03CALC.DG01EV02,0|1002,LMS_PD2
MDSS01.LC03MDC.PD2LSAEM,SAEmax                  ,,,MDSS01.LC03CALC.DG01EV02,0|1002,LMS_PD2
MDSS01.LC03MDC.PD2LSC20,SlideCum20              ,,,MDSS01.LC03CALC.DG01EV02,0|1002,LMS_PD2
MDSS01.LC03MDC.PD2LSC25,SlideCum25              ,,,MDSS01.LC03CALC.DG01EV02,0|1002,LMS_PD2
MDSS01.LC03MDC.PD2LSC50,SlideCum50              ,,,MDSS01.LC03CALC.DG01EV02,0|1002,LMS_PD2
MDSS01.LC03MDC.PD2LSCMN,SlideCntMean            ,,,MDSS01.LC03CALC.DG01EV02,0|1002,LMS_PD2
MDSS01.LC03MDC.PD2LSCMS,SlideMaxSize            ,,,MDSS01.LC03CALC.DG01EV02,0|1002,LMS_PD2
MDSS01.LC03MDC.PD2LSCSD,SlideCntStdDev          ,,,MDSS01.LC03CALC.DG01EV02,0|1002,LMS_PD2
MDSS01.LC03MDC.PD2LSCXL,SlideCum100             ,,,MDSS01.LC03CALC.DG01EV02,0|1002,LMS_PD2
MDSS01.LC03MDC.PD2LSOOT,PctSoot                 ,,,MDSS01.LC03CALC.DG01EV02,0|1002,LMS_PD2
MDSS01.LC03MDC.PD2LT_IN,Temp IN                 ,,,MDSS01.LC03CALC.DG01EV02,0|1002,LMS_PD2
MDSS01.LC03MDC.PD2LT_OU,Temp Out                ,,,MDSS01.LC03CALC.DG01EV02,0|1002,LMS_PD2
MDSS01.LC03MDC.PD2LUC_1,User Count 1            ,,,MDSS01.LC03CALC.DG01EV02,0|1002,LMS_PD2
MDSS01.LC03MDC.PD2LUC_2,User Count 2            ,,,MDSS01.LC03CALC.DG01EV02,0|1002,LMS_PD2
MDSS01.LC03MDC.PD2LUC_3,User Count 3            ,,,MDSS01.LC03CALC.DG01EV02,0|1002,LMS_PD2
MDSS01.LC03MDC.PD2LUC_4,User Count 4            ,,,MDSS01.LC03CALC.DG01EV02,0|1002,LMS_PD2
MDSS01.LC03MDC.PD2LUC_5,User Count 5            ,,,MDSS01.LC03CALC.DG01EV02,0|1002,LMS_PD2
MDSS01.LC03MDC.PD2LUC_6,User Count 6            ,,,MDSS01.LC03CALC.DG01EV02,0|1002,LMS_PD2
MDSS01.LC03MDC.PD2LUS_1,User Size 1             ,,,MDSS01.LC03CALC.DG01EV02,0|1002,LMS_PD2
MDSS01.LC03MDC.PD2LUS_2,User Size 2             ,,,MDSS01.LC03CALC.DG01EV02,0|1002,LMS_PD2
MDSS01.LC03MDC.PD2LUS_3,User Size 3             ,,,MDSS01.LC03CALC.DG01EV02,0|1002,LMS_PD2
MDSS01.LC03MDC.PD2LUS_4,User Size 4             ,,,MDSS01.LC03CALC.DG01EV02,0|1002,LMS_PD2
MDSS01.LC03MDC.PD2LUS_5,User Size 5             ,,,MDSS01.LC03CALC.DG01EV02,0|1002,LMS_PD2
MDSS01.LC03MDC.PD2LUS_6,User Size 6             ,,,MDSS01.LC03CALC.DG01EV02,0|1002,LMS_PD2
MDSS01.LC03MDC.PD2LVISC,Viscosity40C            ,,,MDSS01.LC03CALC.DG01EV02,0|1002,LMS_PD2
MDSS01.LC03MDC.PD2LWBIN,WearBin                 ,,,MDSS01.LC03CALC.DG01EV02,0|1002,LMS_PD2
MDSS01.LC03MDC.PD2LWD20,Water Drop 20 um        ,,,MDSS01.LC03CALC.DG01EV02,0|1002,LMS_PD2
MDSS01.LC03MDC.PD2LWD21,Water Drop 21 um        ,,,MDSS01.LC03CALC.DG01EV02,0|1002,LMS_PD2
MDSS01.LC03MDC.PD2LWD25,Water Drop 25 um        ,,,MDSS01.LC03CALC.DG01EV02,0|1002,LMS_PD2
MDSS01.LC03MDC.PD2LWD38,Water Drop 38 um        ,,,MDSS01.LC03CALC.DG01EV02,0|1002,LMS_PD2
MDSS01.LC03MDC.PD2LWD50,Water Drop 50 um        ,,,MDSS01.LC03CALC.DG01EV02,0|1002,LMS_PD2
MDSS01.LC03MDC.PD2LWD70,Water Drop 70 um        ,,,MDSS01.LC03CALC.DG01EV02,0|1002,LMS_PD2
MDSS01.LC03MDC.PD2LWDXL,Water Drop 100 um       ,,,MDSS01.LC03CALC.DG01EV02,0|1002,LMS_PD2
MDSS01.LC03MDC.PD2LWPPM,WaterIndex              ,,,MDSS01.LC03CALC.DG01EV02,0|1002,LMS_PD2
MDSS01.LC03MDC.WJ1L_STA,Status,,,MDSS01.LC03CALC.DG01EV02,0|1002,LMS_WJ1
MDSS01.LC03MDC.WJ1L_FLW,Flow Rate               ,,,MDSS01.LC03CALC.DG01EV02,0|1002,LMS_WJ1
MDSS01.LC03MDC.WJ1L_LFR,Last Flow Rate          ,,,MDSS01.LC03CALC.DG01EV02,0|1002,LMS_WJ1
MDSS01.LC03MDC.WJ1L_LKV,Leak Value              ,,,MDSS01.LC03CALC.DG01EV02,0|1002,LMS_WJ1
MDSS01.LC03MDC.WJ1L_MEM,Memory Usage            ,,,MDSS01.LC03CALC.DG01EV02,0|1002,LMS_WJ1
MDSS01.LC03MDC.WJ1L_MN,Mean                    ,,,MDSS01.LC03CALC.DG01EV02,0|1002,LMS_WJ1
MDSS01.LC03MDC.WJ1L_MNR,Mean Ratio              ,,,MDSS01.LC03CALC.DG01EV02,0|1002,LMS_WJ1
MDSS01.LC03MDC.WJ1L_PON,Pump On                 ,,,MDSS01.LC03CALC.DG01EV02,0|1002,LMS_WJ1
MDSS01.LC03MDC.WJ1L_SEG,Segment Type            ,,,MDSS01.LC03CALC.DG01EV02,0|1002,LMS_WJ1
MDSS01.LC03MDC.WJ1LAB20,Air Bubble 20 um        ,,,MDSS01.LC03CALC.DG01EV02,0|1002,LMS_WJ1
MDSS01.LC03MDC.WJ1LAB21,Air Bubble 21 um        ,,,MDSS01.LC03CALC.DG01EV02,0|1002,LMS_WJ1
MDSS01.LC03MDC.WJ1LAB25,Air Bubble 25 um        ,,,MDSS01.LC03CALC.DG01EV02,0|1002,LMS_WJ1
MDSS01.LC03MDC.WJ1LAB38,Air Bubble 38 um        ,,,MDSS01.LC03CALC.DG01EV02,0|1002,LMS_WJ1
MDSS01.LC03MDC.WJ1LAB50,Air Bubble 50 um        ,,,MDSS01.LC03CALC.DG01EV02,0|1002,LMS_WJ1
MDSS01.LC03MDC.WJ1LAB70,Air Bubble 70 um        ,,,MDSS01.LC03CALC.DG01EV02,0|1002,LMS_WJ1
MDSS01.LC03MDC.WJ1LABXL,Air Bubble 100 um       ,,,MDSS01.LC03CALC.DG01EV02,0|1002,LMS_WJ1
MDSS01.LC03MDC.WJ1LBSW,BSW                     ,,,MDSS01.LC03CALC.DG01EV02,0|1002,LMS_WJ1
MDSS01.LC03MDC.WJ1LBTEC,BIT ERROR CODE          ,,,MDSS01.LC03CALC.DG01EV02,0|1002,LMS_WJ1
MDSS01.LC03MDC.WJ1LBTST,LNF Run State           ,,,MDSS01.LC03CALC.DG01EV02,0|1002,LMS_WJ1
MDSS01.LC03MDC.WJ1LCC20,CutCum20                ,,,MDSS01.LC03CALC.DG01EV02,0|1002,LMS_WJ1
MDSS01.LC03MDC.WJ1LCC25,CutCum25                ,,,MDSS01.LC03CALC.DG01EV02,0|1002,LMS_WJ1
MDSS01.LC03MDC.WJ1LCC50,CutCum50                ,,,MDSS01.LC03CALC.DG01EV02,0|1002,LMS_WJ1
MDSS01.LC03MDC.WJ1LCCMN,CutCntMean              ,,,MDSS01.LC03CALC.DG01EV02,0|1002,LMS_WJ1
MDSS01.LC03MDC.WJ1LCCMS,CutMaxSize              ,,,MDSS01.LC03CALC.DG01EV02,0|1002,LMS_WJ1
MDSS01.LC03MDC.WJ1LCCSD,CutCntStdDev            ,,,MDSS01.LC03CALC.DG01EV02,0|1002,LMS_WJ1
MDSS01.LC03MDC.WJ1LCCXL,CutCum100               ,,,MDSS01.LC03CALC.DG01EV02,0|1002,LMS_WJ1
MDSS01.LC03MDC.WJ1LCD04,CDiamCum4               ,,,MDSS01.LC03CALC.DG01EV02,0|1002,LMS_WJ1
MDSS01.LC03MDC.WJ1LCD05,CdiamCum5               ,,,MDSS01.LC03CALC.DG01EV02,0|1002,LMS_WJ1
MDSS01.LC03MDC.WJ1LCD06,CdiamCum6               ,,,MDSS01.LC03CALC.DG01EV02,0|1002,LMS_WJ1
MDSS01.LC03MDC.WJ1LCD10,CdiamCum10              ,,,MDSS01.LC03CALC.DG01EV02,0|1002,LMS_WJ1
MDSS01.LC03MDC.WJ1LCD14,CdiamCum14              ,,,MDSS01.LC03CALC.DG01EV02,0|1002,LMS_WJ1
MDSS01.LC03MDC.WJ1LCD15,CdiamCum15              ,,,MDSS01.LC03CALC.DG01EV02,0|1002,LMS_WJ1
MDSS01.LC03MDC.WJ1LCD20,CdiamCum20              ,,,MDSS01.LC03CALC.DG01EV02,0|1002,LMS_WJ1
MDSS01.LC03MDC.WJ1LCD21,CdiamCum21              ,,,MDSS01.LC03CALC.DG01EV02,0|1002,LMS_WJ1
MDSS01.LC03MDC.WJ1LCD25,CdiamCum25              ,,,MDSS01.LC03CALC.DG01EV02,0|1002,LMS_WJ1
MDSS01.LC03MDC.WJ1LCD38,CdiamCum38              ,,,MDSS01.LC03CALC.DG01EV02,0|1002,LMS_WJ1
MDSS01.LC03MDC.WJ1LCD50,CdiamCum50              ,,,MDSS01.LC03CALC.DG01EV02,0|1002,LMS_WJ1
MDSS01.LC03MDC.WJ1LCD70,CdiamCum70              ,,,MDSS01.LC03CALC.DG01EV02,0|1002,LMS_WJ1
MDSS01.LC03MDC.WJ1LCDXL,CdiamCum10              ,,,MDSS01.LC03CALC.DG01EV02,0|1002,LMS_WJ1
MDSS01.LC03MDC.WJ1LCFD,CFD                     ,,,MDSS01.LC03CALC.DG01EV02,0|1002,LMS_WJ1
MDSS01.LC03MDC.WJ1LCHRN,CameraGain              ,,,MDSS01.LC03CALC.DG01EV02,0|1002,LMS_WJ1
MDSS01.LC03MDC.WJ1LFC20,FatCum20                ,,,MDSS01.LC03CALC.DG01EV02,0|1002,LMS_WJ1
MDSS01.LC03MDC.WJ1LFC25,FatCum25                ,,,MDSS01.LC03CALC.DG01EV02,0|1002,LMS_WJ1
MDSS01.LC03MDC.WJ1LFC50,FatCum50                ,,,MDSS01.LC03CALC.DG01EV02,0|1002,LMS_WJ1
MDSS01.LC03MDC.WJ1LFCMN,FatCntMean              ,,,MDSS01.LC03CALC.DG01EV02,0|1002,LMS_WJ1
MDSS01.LC03MDC.WJ1LFCMS,FatMaxSize              ,,,MDSS01.LC03CALC.DG01EV02,0|1002,LMS_WJ1
MDSS01.LC03MDC.WJ1LFCSD,FatCntStdDev            ,,,MDSS01.LC03CALC.DG01EV02,0|1002,LMS_WJ1
MDSS01.LC03MDC.WJ1LFCXL,FatCum100               ,,,MDSS01.LC03CALC.DG01EV02,0|1002,LMS_WJ1
MDSS01.LC03MDC.WJ1LFIBE,Fibers                  ,,,MDSS01.LC03CALC.DG01EV02,0|1002,LMS_WJ1
MDSS01.LC03MDC.WJ1LHAL,HAL                     ,,,MDSS01.LC03CALC.DG01EV02,0|1002,LMS_WJ1
MDSS01.LC03MDC.WJ1LISO4,ISO4                    ,,,MDSS01.LC03CALC.DG01EV02,0|1002,LMS_WJ1
MDSS01.LC03MDC.WJ1LISO6,ISO6                    ,,,MDSS01.LC03CALC.DG01EV02,0|1002,LMS_WJ1
MDSS01.LC03MDC.WJ1LISOL,ISO14                   ,,,MDSS01.LC03CALC.DG01EV02,0|1002,LMS_WJ1
MDSS01.LC03MDC.WJ1LMD05,MdiamCum5               ,,,MDSS01.LC03CALC.DG01EV02,0|1002,LMS_WJ1
MDSS01.LC03MDC.WJ1LMD10,MdiamCum10              ,,,MDSS01.LC03CALC.DG01EV02,0|1002,LMS_WJ1
MDSS01.LC03MDC.WJ1LMD15,MdiamCum15              ,,,MDSS01.LC03CALC.DG01EV02,0|1002,LMS_WJ1
MDSS01.LC03MDC.WJ1LMD20,MdiamCum20              ,,,MDSS01.LC03CALC.DG01EV02,0|1002,LMS_WJ1
MDSS01.LC03MDC.WJ1LMD25,MdiamCum25              ,,,MDSS01.LC03CALC.DG01EV02,0|1002,LMS_WJ1
MDSS01.LC03MDC.WJ1LMD50,MDiamCum50              ,,,MDSS01.LC03CALC.DG01EV02,0|1002,LMS_WJ1
MDSS01.LC03MDC.WJ1LMDMN,MdiamMeanSize           ,,,MDSS01.LC03CALC.DG01EV02,0|1002,LMS_WJ1
MDSS01.LC03MDC.WJ1LMDMS,MdiamMaxSize            ,,,MDSS01.LC03CALC.DG01EV02,0|1002,LMS_WJ1
MDSS01.LC03MDC.WJ1LMDSD,MdiamStdDev             ,,,MDSS01.LC03CALC.DG01EV02,0|1002,LMS_WJ1
MDSS01.LC03MDC.WJ1LMDXL,MDiamCum10              ,,,MDSS01.LC03CALC.DG01EV02,0|1002,LMS_WJ1
MDSS01.LC03MDC.WJ1LNAIR,NAVAIR                  ,,,MDSS01.LC03CALC.DG01EV02,0|1002,LMS_WJ1
MDSS01.LC03MDC.WJ1LNAS,NAS                     ,,,MDSS01.LC03CALC.DG01EV02,0|1002,LMS_WJ1
MDSS01.LC03MDC.WJ1LNS05,NAS 5 um                ,,,MDSS01.LC03CALC.DG01EV02,0|1002,LMS_WJ1
MDSS01.LC03MDC.WJ1LNS15,NAS 15 um               ,,,MDSS01.LC03CALC.DG01EV02,0|1002,LMS_WJ1
MDSS01.LC03MDC.WJ1LNS25,NAS 20 um               ,,,MDSS01.LC03CALC.DG01EV02,0|1002,LMS_WJ1
MDSS01.LC03MDC.WJ1LNS50,NAS 50 um               ,,,MDSS01.LC03CALC.DG01EV02,0|1002,LMS_WJ1
MDSS01.LC03MDC.WJ1LNSXL,NAS gt 100 um           ,,,MDSS01.LC03CALC.DG01EV02,0|1002,LMS_WJ1
MDSS01.LC03MDC.WJ1LNV05,NAV Code 5 um           ,,,MDSS01.LC03CALC.DG01EV02,0|1002,LMS_WJ1
MDSS01.LC03MDC.WJ1LNV15,NAV Code 15 um          ,,,MDSS01.LC03CALC.DG01EV02,0|1002,LMS_WJ1
MDSS01.LC03MDC.WJ1LNV25,NAV Code 20 um          ,,,MDSS01.LC03CALC.DG01EV02,0|1002,LMS_WJ1
MDSS01.LC03MDC.WJ1LNV50,NAV Code 50 um          ,,,MDSS01.LC03CALC.DG01EV02,0|1002,LMS_WJ1
MDSS01.LC03MDC.WJ1LNVXL,NAV Code gt 100 um      ,,,MDSS01.LC03CALC.DG01EV02,0|1002,LMS_WJ1
MDSS01.LC03MDC.WJ1LOC20,Other Cum 20 um         ,,,MDSS01.LC03CALC.DG01EV02,0|1002,LMS_WJ1
MDSS01.LC03MDC.WJ1LOC25,OtherCum25              ,,,MDSS01.LC03CALC.DG01EV02,0|1002,LMS_WJ1
MDSS01.LC03MDC.WJ1LOC50,OtherCum50              ,,,MDSS01.LC03CALC.DG01EV02,0|1002,LMS_WJ1
MDSS01.LC03MDC.WJ1LOCMN,OtherCntMean            ,,,MDSS01.LC03CALC.DG01EV02,0|1002,LMS_WJ1
MDSS01.LC03MDC.WJ1LOCMS,OtherMaxSize            ,,,MDSS01.LC03CALC.DG01EV02,0|1002,LMS_WJ1
MDSS01.LC03MDC.WJ1LOCSD,OtherCntStdDev          ,,,MDSS01.LC03CALC.DG01EV02,0|1002,LMS_WJ1
MDSS01.LC03MDC.WJ1LOCXL,OtherCum100             ,,,MDSS01.LC03CALC.DG01EV02,0|1002,LMS_WJ1
MDSS01.LC03MDC.WJ1LOX20,OxideCum20              ,,,MDSS01.LC03CALC.DG01EV02,0|1002,LMS_WJ1
MDSS01.LC03MDC.WJ1LOX25,OxideCum25              ,,,MDSS01.LC03CALC.DG01EV02,0|1002,LMS_WJ1
MDSS01.LC03MDC.WJ1LOX50,OxideCum50              ,,,MDSS01.LC03CALC.DG01EV02,0|1002,LMS_WJ1
MDSS01.LC03MDC.WJ1LOXMN,OxideCntMean            ,,,MDSS01.LC03CALC.DG01EV02,0|1002,LMS_WJ1
MDSS01.LC03MDC.WJ1LOXMS,OxideMaxSize            ,,,MDSS01.LC03CALC.DG01EV02,0|1002,LMS_WJ1
MDSS01.LC03MDC.WJ1LOXSD,OxideCntStdDev          ,,,MDSS01.LC03CALC.DG01EV02,0|1002,LMS_WJ1
MDSS01.LC03MDC.WJ1LOXXL,OxideCum100             ,,,MDSS01.LC03CALC.DG01EV02,0|1002,LMS_WJ1
MDSS01.LC03MDC.WJ1LSA04,SAE4                    ,,,MDSS01.LC03CALC.DG01EV02,0|1002,LMS_WJ1
MDSS01.LC03MDC.WJ1LSA06,SAE6                    ,,,MDSS01.LC03CALC.DG01EV02,0|1002,LMS_WJ1
MDSS01.LC03MDC.WJ1LSA14,SAE14                   ,,,MDSS01.LC03CALC.DG01EV02,0|1002,LMS_WJ1
MDSS01.LC03MDC.WJ1LSA21,SAE21                   ,,,MDSS01.LC03CALC.DG01EV02,0|1002,LMS_WJ1
MDSS01.LC03MDC.WJ1LSA38,SAE38                   ,,,MDSS01.LC03CALC.DG01EV02,0|1002,LMS_WJ1
MDSS01.LC03MDC.WJ1LSA70,SAE70                   ,,,MDSS01.LC03CALC.DG01EV02,0|1002,LMS_WJ1
MDSS01.LC03MDC.WJ1LSAE,SAE                     ,,,MDSS01.LC03CALC.DG01EV02,0|1002,LMS_WJ1
MDSS01.LC03MDC.WJ1LSAEM,SAEmax                  ,,,MDSS01.LC03CALC.DG01EV02,0|1002,LMS_WJ1
MDSS01.LC03MDC.WJ1LSC20,SlideCum20              ,,,MDSS01.LC03CALC.DG01EV02,0|1002,LMS_WJ1
MDSS01.LC03MDC.WJ1LSC25,SlideCum25              ,,,MDSS01.LC03CALC.DG01EV02,0|1002,LMS_WJ1
MDSS01.LC03MDC.WJ1LSC50,SlideCum50              ,,,MDSS01.LC03CALC.DG01EV02,0|1002,LMS_WJ1
MDSS01.LC03MDC.WJ1LSCMN,SlideCntMean            ,,,MDSS01.LC03CALC.DG01EV02,0|1002,LMS_WJ1
MDSS01.LC03MDC.WJ1LSCMS,SlideMaxSize            ,,,MDSS01.LC03CALC.DG01EV02,0|1002,LMS_WJ1
MDSS01.LC03MDC.WJ1LSCSD,SlideCntStdDev          ,,,MDSS01.LC03CALC.DG01EV02,0|1002,LMS_WJ1
MDSS01.LC03MDC.WJ1LSCXL,SlideCum100             ,,,MDSS01.LC03CALC.DG01EV02,0|1002,LMS_WJ1
MDSS01.LC03MDC.WJ1LSOOT,PctSoot                 ,,,MDSS01.LC03CALC.DG01EV02,0|1002,LMS_WJ1
MDSS01.LC03MDC.WJ1LT_IN,Temp IN                 ,,,MDSS01.LC03CALC.DG01EV02,0|1002,LMS_WJ1
MDSS01.LC03MDC.WJ1LT_OU,Temp Out                ,,,MDSS01.LC03CALC.DG01EV02,0|1002,LMS_WJ1
MDSS01.LC03MDC.WJ1LUC_1,User Count 1            ,,,MDSS01.LC03CALC.DG01EV02,0|1002,LMS_WJ1
MDSS01.LC03MDC.WJ1LUC_2,User Count 2            ,,,MDSS01.LC03CALC.DG01EV02,0|1002,LMS_WJ1
MDSS01.LC03MDC.WJ1LUC_3,User Count 3            ,,,MDSS01.LC03CALC.DG01EV02,0|1002,LMS_WJ1
MDSS01.LC03MDC.WJ1LUC_4,User Count 4            ,,,MDSS01.LC03CALC.DG01EV02,0|1002,LMS_WJ1
MDSS01.LC03MDC.WJ1LUC_5,User Count 5            ,,,MDSS01.LC03CALC.DG01EV02,0|1002,LMS_WJ1
MDSS01.LC03MDC.WJ1LUC_6,User Count 6            ,,,MDSS01.LC03CALC.DG01EV02,0|1002,LMS_WJ1
MDSS01.LC03MDC.WJ1LUS_1,User Size 1             ,,,MDSS01.LC03CALC.DG01EV02,0|1002,LMS_WJ1
MDSS01.LC03MDC.WJ1LUS_2,User Size 2             ,,,MDSS01.LC03CALC.DG01EV02,0|1002,LMS_WJ1
MDSS01.LC03MDC.WJ1LUS_3,User Size 3             ,,,MDSS01.LC03CALC.DG01EV02,0|1002,LMS_WJ1
MDSS01.LC03MDC.WJ1LUS_4,User Size 4             ,,,MDSS01.LC03CALC.DG01EV02,0|1002,LMS_WJ1
MDSS01.LC03MDC.WJ1LUS_5,User Size 5             ,,,MDSS01.LC03CALC.DG01EV02,0|1002,LMS_WJ1
MDSS01.LC03MDC.WJ1LUS_6,User Size 6             ,,,MDSS01.LC03CALC.DG01EV02,0|1002,LMS_WJ1
MDSS01.LC03MDC.WJ1LVISC,Viscosity40C            ,,,MDSS01.LC03CALC.DG01EV02,0|1002,LMS_WJ1
MDSS01.LC03MDC.WJ1LWBIN,WearBin                 ,,,MDSS01.LC03CALC.DG01EV02,0|1002,LMS_WJ1
MDSS01.LC03MDC.WJ1LWD20,Water Drop 20 um        ,,,MDSS01.LC03CALC.DG01EV02,0|1002,LMS_WJ1
MDSS01.LC03MDC.WJ1LWD21,Water Drop 21 um        ,,,MDSS01.LC03CALC.DG01EV02,0|1002,LMS_WJ1
MDSS01.LC03MDC.WJ1LWD25,Water Drop 25 um        ,,,MDSS01.LC03CALC.DG01EV02,0|1002,LMS_WJ1
MDSS01.LC03MDC.WJ1LWD38,Water Drop 38 um        ,,,MDSS01.LC03CALC.DG01EV02,0|1002,LMS_WJ1
MDSS01.LC03MDC.WJ1LWD50,Water Drop 50 um        ,,,MDSS01.LC03CALC.DG01EV02,0|1002,LMS_WJ1
MDSS01.LC03MDC.WJ1LWD70,Water Drop 70 um        ,,,MDSS01.LC03CALC.DG01EV02,0|1002,LMS_WJ1
MDSS01.LC03MDC.WJ1LWDXL,Water Drop 100 um       ,,,MDSS01.LC03CALC.DG01EV02,0|1002,LMS_WJ1
MDSS01.LC03MDC.WJ1LWPPM,WaterIndex              ,,,MDSS01.LC03CALC.DG01EV02,0|1002,LMS_WJ1
MDSS01.LC03MDC.WJ2L_STA,Status,,,MDSS01.LC03CALC.DG01EV02,0|1002,LMS_WJ2
MDSS01.LC03MDC.WJ2L_FLW,Flow Rate               ,,,MDSS01.LC03CALC.DG01EV02,0|1002,LMS_WJ2
MDSS01.LC03MDC.WJ2L_LFR,Last Flow Rate          ,,,MDSS01.LC03CALC.DG01EV02,0|1002,LMS_WJ2
MDSS01.LC03MDC.WJ2L_LKV,Leak Value              ,,,MDSS01.LC03CALC.DG01EV02,0|1002,LMS_WJ2
MDSS01.LC03MDC.WJ2L_MEM,Memory Usage            ,,,MDSS01.LC03CALC.DG01EV02,0|1002,LMS_WJ2
MDSS01.LC03MDC.WJ2L_MN,Mean                    ,,,MDSS01.LC03CALC.DG01EV02,0|1002,LMS_WJ2
MDSS01.LC03MDC.WJ2L_MNR,Mean Ratio              ,,,MDSS01.LC03CALC.DG01EV02,0|1002,LMS_WJ2
MDSS01.LC03MDC.WJ2L_PON,Pump On                 ,,,MDSS01.LC03CALC.DG01EV02,0|1002,LMS_WJ2
MDSS01.LC03MDC.WJ2L_SEG,Segment Type            ,,,MDSS01.LC03CALC.DG01EV02,0|1002,LMS_WJ2
MDSS01.LC03MDC.WJ2LAB20,Air Bubble 20 um        ,,,MDSS01.LC03CALC.DG01EV02,0|1002,LMS_WJ2
MDSS01.LC03MDC.WJ2LAB21,Air Bubble 21 um        ,,,MDSS01.LC03CALC.DG01EV02,0|1002,LMS_WJ2
MDSS01.LC03MDC.WJ2LAB25,Air Bubble 25 um        ,,,MDSS01.LC03CALC.DG01EV02,0|1002,LMS_WJ2
MDSS01.LC03MDC.WJ2LAB38,Air Bubble 38 um        ,,,MDSS01.LC03CALC.DG01EV02,0|1002,LMS_WJ2
MDSS01.LC03MDC.WJ2LAB50,Air Bubble 50 um        ,,,MDSS01.LC03CALC.DG01EV02,0|1002,LMS_WJ2
MDSS01.LC03MDC.WJ2LAB70,Air Bubble 70 um        ,,,MDSS01.LC03CALC.DG01EV02,0|1002,LMS_WJ2
MDSS01.LC03MDC.WJ2LABXL,Air Bubble 100 um       ,,,MDSS01.LC03CALC.DG01EV02,0|1002,LMS_WJ2
MDSS01.LC03MDC.WJ2LBSW,BSW                     ,,,MDSS01.LC03CALC.DG01EV02,0|1002,LMS_WJ2
MDSS01.LC03MDC.WJ2LBTEC,BIT ERROR CODE          ,,,MDSS01.LC03CALC.DG01EV02,0|1002,LMS_WJ2
MDSS01.LC03MDC.WJ2LBTST,LNF Run State           ,,,MDSS01.LC03CALC.DG01EV02,0|1002,LMS_WJ2
MDSS01.LC03MDC.WJ2LCC20,CutCum20                ,,,MDSS01.LC03CALC.DG01EV02,0|1002,LMS_WJ2
MDSS01.LC03MDC.WJ2LCC25,CutCum25                ,,,MDSS01.LC03CALC.DG01EV02,0|1002,LMS_WJ2
MDSS01.LC03MDC.WJ2LCC50,CutCum50                ,,,MDSS01.LC03CALC.DG01EV02,0|1002,LMS_WJ2
MDSS01.LC03MDC.WJ2LCCMN,CutCntMean              ,,,MDSS01.LC03CALC.DG01EV02,0|1002,LMS_WJ2
MDSS01.LC03MDC.WJ2LCCMS,CutMaxSize              ,,,MDSS01.LC03CALC.DG01EV02,0|1002,LMS_WJ2
MDSS01.LC03MDC.WJ2LCCSD,CutCntStdDev            ,,,MDSS01.LC03CALC.DG01EV02,0|1002,LMS_WJ2
MDSS01.LC03MDC.WJ2LCCXL,CutCum100               ,,,MDSS01.LC03CALC.DG01EV02,0|1002,LMS_WJ2
MDSS01.LC03MDC.WJ2LCD04,CDiamCum4               ,,,MDSS01.LC03CALC.DG01EV02,0|1002,LMS_WJ2
MDSS01.LC03MDC.WJ2LCD05,CdiamCum5               ,,,MDSS01.LC03CALC.DG01EV02,0|1002,LMS_WJ2
MDSS01.LC03MDC.WJ2LCD06,CdiamCum6               ,,,MDSS01.LC03CALC.DG01EV02,0|1002,LMS_WJ2
MDSS01.LC03MDC.WJ2LCD10,CdiamCum10              ,,,MDSS01.LC03CALC.DG01EV02,0|1002,LMS_WJ2
MDSS01.LC03MDC.WJ2LCD14,CdiamCum14              ,,,MDSS01.LC03CALC.DG01EV02,0|1002,LMS_WJ2
MDSS01.LC03MDC.WJ2LCD15,CdiamCum15              ,,,MDSS01.LC03CALC.DG01EV02,0|1002,LMS_WJ2
MDSS01.LC03MDC.WJ2LCD20,CdiamCum20              ,,,MDSS01.LC03CALC.DG01EV02,0|1002,LMS_WJ2
MDSS01.LC03MDC.WJ2LCD21,CdiamCum21              ,,,MDSS01.LC03CALC.DG01EV02,0|1002,LMS_WJ2
MDSS01.LC03MDC.WJ2LCD25,CdiamCum25              ,,,MDSS01.LC03CALC.DG01EV02,0|1002,LMS_WJ2
MDSS01.LC03MDC.WJ2LCD38,CdiamCum38              ,,,MDSS01.LC03CALC.DG01EV02,0|1002,LMS_WJ2
MDSS01.LC03MDC.WJ2LCD50,CdiamCum50              ,,,MDSS01.LC03CALC.DG01EV02,0|1002,LMS_WJ2
MDSS01.LC03MDC.WJ2LCD70,CdiamCum70              ,,,MDSS01.LC03CALC.DG01EV02,0|1002,LMS_WJ2
MDSS01.LC03MDC.WJ2LCDXL,CdiamCum10              ,,,MDSS01.LC03CALC.DG01EV02,0|1002,LMS_WJ2
MDSS01.LC03MDC.WJ2LCFD,CFD                     ,,,MDSS01.LC03CALC.DG01EV02,0|1002,LMS_WJ2
MDSS01.LC03MDC.WJ2LCHRN,CameraGain              ,,,MDSS01.LC03CALC.DG01EV02,0|1002,LMS_WJ2
MDSS01.LC03MDC.WJ2LFC20,FatCum20                ,,,MDSS01.LC03CALC.DG01EV02,0|1002,LMS_WJ2
MDSS01.LC03MDC.WJ2LFC25,FatCum25                ,,,MDSS01.LC03CALC.DG01EV02,0|1002,LMS_WJ2
MDSS01.LC03MDC.WJ2LFC50,FatCum50                ,,,MDSS01.LC03CALC.DG01EV02,0|1002,LMS_WJ2
MDSS01.LC03MDC.WJ2LFCMN,FatCntMean              ,,,MDSS01.LC03CALC.DG01EV02,0|1002,LMS_WJ2
MDSS01.LC03MDC.WJ2LFCMS,FatMaxSize              ,,,MDSS01.LC03CALC.DG01EV02,0|1002,LMS_WJ2
MDSS01.LC03MDC.WJ2LFCSD,FatCntStdDev            ,,,MDSS01.LC03CALC.DG01EV02,0|1002,LMS_WJ2
MDSS01.LC03MDC.WJ2LFCXL,FatCum100               ,,,MDSS01.LC03CALC.DG01EV02,0|1002,LMS_WJ2
MDSS01.LC03MDC.WJ2LFIBE,Fibers                  ,,,MDSS01.LC03CALC.DG01EV02,0|1002,LMS_WJ2
MDSS01.LC03MDC.WJ2LHAL,HAL                     ,,,MDSS01.LC03CALC.DG01EV02,0|1002,LMS_WJ2
MDSS01.LC03MDC.WJ2LISO4,ISO4                    ,,,MDSS01.LC03CALC.DG01EV02,0|1002,LMS_WJ2
MDSS01.LC03MDC.WJ2LISO6,ISO6                    ,,,MDSS01.LC03CALC.DG01EV02,0|1002,LMS_WJ2
MDSS01.LC03MDC.WJ2LISOL,ISO14                   ,,,MDSS01.LC03CALC.DG01EV02,0|1002,LMS_WJ2
MDSS01.LC03MDC.WJ2LMD05,MdiamCum5               ,,,MDSS01.LC03CALC.DG01EV02,0|1002,LMS_WJ2
MDSS01.LC03MDC.WJ2LMD10,MdiamCum10              ,,,MDSS01.LC03CALC.DG01EV02,0|1002,LMS_WJ2
MDSS01.LC03MDC.WJ2LMD15,MdiamCum15              ,,,MDSS01.LC03CALC.DG01EV02,0|1002,LMS_WJ2
MDSS01.LC03MDC.WJ2LMD20,MdiamCum20              ,,,MDSS01.LC03CALC.DG01EV02,0|1002,LMS_WJ2
MDSS01.LC03MDC.WJ2LMD25,MdiamCum25              ,,,MDSS01.LC03CALC.DG01EV02,0|1002,LMS_WJ2
MDSS01.LC03MDC.WJ2LMD50,MDiamCum50              ,,,MDSS01.LC03CALC.DG01EV02,0|1002,LMS_WJ2
MDSS01.LC03MDC.WJ2LMDMN,MdiamMeanSize           ,,,MDSS01.LC03CALC.DG01EV02,0|1002,LMS_WJ2
MDSS01.LC03MDC.WJ2LMDMS,MdiamMaxSize            ,,,MDSS01.LC03CALC.DG01EV02,0|1002,LMS_WJ2
MDSS01.LC03MDC.WJ2LMDSD,MdiamStdDev             ,,,MDSS01.LC03CALC.DG01EV02,0|1002,LMS_WJ2
MDSS01.LC03MDC.WJ2LMDXL,MDiamCum10              ,,,MDSS01.LC03CALC.DG01EV02,0|1002,LMS_WJ2
MDSS01.LC03MDC.WJ2LNAIR,NAVAIR                  ,,,MDSS01.LC03CALC.DG01EV02,0|1002,LMS_WJ2
MDSS01.LC03MDC.WJ2LNAS,NAS                     ,,,MDSS01.LC03CALC.DG01EV02,0|1002,LMS_WJ2
MDSS01.LC03MDC.WJ2LNS05,NAS 5 um                ,,,MDSS01.LC03CALC.DG01EV02,0|1002,LMS_WJ2
MDSS01.LC03MDC.WJ2LNS15,NAS 15 um               ,,,MDSS01.LC03CALC.DG01EV02,0|1002,LMS_WJ2
MDSS01.LC03MDC.WJ2LNS25,NAS 20 um               ,,,MDSS01.LC03CALC.DG01EV02,0|1002,LMS_WJ2
MDSS01.LC03MDC.WJ2LNS50,NAS 50 um               ,,,MDSS01.LC03CALC.DG01EV02,0|1002,LMS_WJ2
MDSS01.LC03MDC.WJ2LNSXL,NAS gt 100 um           ,,,MDSS01.LC03CALC.DG01EV02,0|1002,LMS_WJ2
MDSS01.LC03MDC.WJ2LNV05,NAV Code 5 um           ,,,MDSS01.LC03CALC.DG01EV02,0|1002,LMS_WJ2
MDSS01.LC03MDC.WJ2LNV15,NAV Code 15 um          ,,,MDSS01.LC03CALC.DG01EV02,0|1002,LMS_WJ2
MDSS01.LC03MDC.WJ2LNV25,NAV Code 20 um          ,,,MDSS01.LC03CALC.DG01EV02,0|1002,LMS_WJ2
MDSS01.LC03MDC.WJ2LNV50,NAV Code 50 um          ,,,MDSS01.LC03CALC.DG01EV02,0|1002,LMS_WJ2
MDSS01.LC03MDC.WJ2LNVXL,NAV Code gt 100 um      ,,,MDSS01.LC03CALC.DG01EV02,0|1002,LMS_WJ2
MDSS01.LC03MDC.WJ2LOC20,Other Cum 20 um         ,,,MDSS01.LC03CALC.DG01EV02,0|1002,LMS_WJ2
MDSS01.LC03MDC.WJ2LOC25,OtherCum25              ,,,MDSS01.LC03CALC.DG01EV02,0|1002,LMS_WJ2
MDSS01.LC03MDC.WJ2LOC50,OtherCum50              ,,,MDSS01.LC03CALC.DG01EV02,0|1002,LMS_WJ2
MDSS01.LC03MDC.WJ2LOCMN,OtherCntMean            ,,,MDSS01.LC03CALC.DG01EV02,0|1002,LMS_WJ2
MDSS01.LC03MDC.WJ2LOCMS,OtherMaxSize            ,,,MDSS01.LC03CALC.DG01EV02,0|1002,LMS_WJ2
MDSS01.LC03MDC.WJ2LOCSD,OtherCntStdDev          ,,,MDSS01.LC03CALC.DG01EV02,0|1002,LMS_WJ2
MDSS01.LC03MDC.WJ2LOCXL,OtherCum100             ,,,MDSS01.LC03CALC.DG01EV02,0|1002,LMS_WJ2
MDSS01.LC03MDC.WJ2LOX20,OxideCum20              ,,,MDSS01.LC03CALC.DG01EV02,0|1002,LMS_WJ2
MDSS01.LC03MDC.WJ2LOX25,OxideCum25              ,,,MDSS01.LC03CALC.DG01EV02,0|1002,LMS_WJ2
MDSS01.LC03MDC.WJ2LOX50,OxideCum50              ,,,MDSS01.LC03CALC.DG01EV02,0|1002,LMS_WJ2
MDSS01.LC03MDC.WJ2LOXMN,OxideCntMean            ,,,MDSS01.LC03CALC.DG01EV02,0|1002,LMS_WJ2
MDSS01.LC03MDC.WJ2LOXMS,OxideMaxSize            ,,,MDSS01.LC03CALC.DG01EV02,0|1002,LMS_WJ2
MDSS01.LC03MDC.WJ2LOXSD,OxideCntStdDev          ,,,MDSS01.LC03CALC.DG01EV02,0|1002,LMS_WJ2
MDSS01.LC03MDC.WJ2LOXXL,OxideCum100             ,,,MDSS01.LC03CALC.DG01EV02,0|1002,LMS_WJ2
MDSS01.LC03MDC.WJ2LSA04,SAE4                    ,,,MDSS01.LC03CALC.DG01EV02,0|1002,LMS_WJ2
MDSS01.LC03MDC.WJ2LSA06,SAE6                    ,,,MDSS01.LC03CALC.DG01EV02,0|1002,LMS_WJ2
MDSS01.LC03MDC.WJ2LSA14,SAE14                   ,,,MDSS01.LC03CALC.DG01EV02,0|1002,LMS_WJ2
MDSS01.LC03MDC.WJ2LSA21,SAE21                   ,,,MDSS01.LC03CALC.DG01EV02,0|1002,LMS_WJ2
MDSS01.LC03MDC.WJ2LSA38,SAE38                   ,,,MDSS01.LC03CALC.DG01EV02,0|1002,LMS_WJ2
MDSS01.LC03MDC.WJ2LSA70,SAE70                   ,,,MDSS01.LC03CALC.DG01EV02,0|1002,LMS_WJ2
MDSS01.LC03MDC.WJ2LSAE,SAE                     ,,,MDSS01.LC03CALC.DG01EV02,0|1002,LMS_WJ2
MDSS01.LC03MDC.WJ2LSAEM,SAEmax                  ,,,MDSS01.LC03CALC.DG01EV02,0|1002,LMS_WJ2
MDSS01.LC03MDC.WJ2LSC20,SlideCum20              ,,,MDSS01.LC03CALC.DG01EV02,0|1002,LMS_WJ2
MDSS01.LC03MDC.WJ2LSC25,SlideCum25              ,,,MDSS01.LC03CALC.DG01EV02,0|1002,LMS_WJ2
MDSS01.LC03MDC.WJ2LSC50,SlideCum50              ,,,MDSS01.LC03CALC.DG01EV02,0|1002,LMS_WJ2
MDSS01.LC03MDC.WJ2LSCMN,SlideCntMean            ,,,MDSS01.LC03CALC.DG01EV02,0|1002,LMS_WJ2
MDSS01.LC03MDC.WJ2LSCMS,SlideMaxSize            ,,,MDSS01.LC03CALC.DG01EV02,0|1002,LMS_WJ2
MDSS01.LC03MDC.WJ2LSCSD,SlideCntStdDev          ,,,MDSS01.LC03CALC.DG01EV02,0|1002,LMS_WJ2
MDSS01.LC03MDC.WJ2LSCXL,SlideCum100             ,,,MDSS01.LC03CALC.DG01EV02,0|1002,LMS_WJ2
MDSS01.LC03MDC.WJ2LSOOT,PctSoot                 ,,,MDSS01.LC03CALC.DG01EV02,0|1002,LMS_WJ2
MDSS01.LC03MDC.WJ2LT_IN,Temp IN                 ,,,MDSS01.LC03CALC.DG01EV02,0|1002,LMS_WJ2
MDSS01.LC03MDC.WJ2LT_OU,Temp Out                ,,,MDSS01.LC03CALC.DG01EV02,0|1002,LMS_WJ2
MDSS01.LC03MDC.WJ2LUC_1,User Count 1            ,,,MDSS01.LC03CALC.DG01EV02,0|1002,LMS_WJ2
MDSS01.LC03MDC.WJ2LUC_2,User Count 2            ,,,MDSS01.LC03CALC.DG01EV02,0|1002,LMS_WJ2
MDSS01.LC03MDC.WJ2LUC_3,User Count 3            ,,,MDSS01.LC03CALC.DG01EV02,0|1002,LMS_WJ2
MDSS01.LC03MDC.WJ2LUC_4,User Count 4            ,,,MDSS01.LC03CALC.DG01EV02,0|1002,LMS_WJ2
MDSS01.LC03MDC.WJ2LUC_5,User Count 5            ,,,MDSS01.LC03CALC.DG01EV02,0|1002,LMS_WJ2
MDSS01.LC03MDC.WJ2LUC_6,User Count 6            ,,,MDSS01.LC03CALC.DG01EV02,0|1002,LMS_WJ2
MDSS01.LC03MDC.WJ2LUS_1,User Size 1             ,,,MDSS01.LC03CALC.DG01EV02,0|1002,LMS_WJ2
MDSS01.LC03MDC.WJ2LUS_2,User Size 2             ,,,MDSS01.LC03CALC.DG01EV02,0|1002,LMS_WJ2
MDSS01.LC03MDC.WJ2LUS_3,User Size 3             ,,,MDSS01.LC03CALC.DG01EV02,0|1002,LMS_WJ2
MDSS01.LC03MDC.WJ2LUS_4,User Size 4             ,,,MDSS01.LC03CALC.DG01EV02,0|1002,LMS_WJ2
MDSS01.LC03MDC.WJ2LUS_5,User Size 5             ,,,MDSS01.LC03CALC.DG01EV02,0|1002,LMS_WJ2
MDSS01.LC03MDC.WJ2LUS_6,User Size 6             ,,,MDSS01.LC03CALC.DG01EV02,0|1002,LMS_WJ2
MDSS01.LC03MDC.WJ2LVISC,Viscosity40C            ,,,MDSS01.LC03CALC.DG01EV02,0|1002,LMS_WJ2
MDSS01.LC03MDC.WJ2LWBIN,WearBin                 ,,,MDSS01.LC03CALC.DG01EV02,0|1002,LMS_WJ2
MDSS01.LC03MDC.WJ2LWD20,Water Drop 20 um        ,,,MDSS01.LC03CALC.DG01EV02,0|1002,LMS_WJ2
MDSS01.LC03MDC.WJ2LWD21,Water Drop 21 um        ,,,MDSS01.LC03CALC.DG01EV02,0|1002,LMS_WJ2
MDSS01.LC03MDC.WJ2LWD25,Water Drop 25 um        ,,,MDSS01.LC03CALC.DG01EV02,0|1002,LMS_WJ2
MDSS01.LC03MDC.WJ2LWD38,Water Drop 38 um        ,,,MDSS01.LC03CALC.DG01EV02,0|1002,LMS_WJ2
MDSS01.LC03MDC.WJ2LWD50,Water Drop 50 um        ,,,MDSS01.LC03CALC.DG01EV02,0|1002,LMS_WJ2
MDSS01.LC03MDC.WJ2LWD70,Water Drop 70 um        ,,,MDSS01.LC03CALC.DG01EV02,0|1002,LMS_WJ2
MDSS01.LC03MDC.WJ2LWDXL,Water Drop 100 um       ,,,MDSS01.LC03CALC.DG01EV02,0|1002,LMS_WJ2
MDSS01.LC03MDC.WJ2LWPPM,WaterIndex              ,,,MDSS01.LC03CALC.DG01EV02,0|1002,LMS_WJ2
MDSS01.LC03MDC.WJ3L_STA,Status,,,MDSS01.LC03CALC.DG01EV02,0|1002,LMS_WJ3
MDSS01.LC03MDC.WJ3L_FLW,Flow Rate               ,,,MDSS01.LC03CALC.DG01EV02,0|1002,LMS_WJ3
MDSS01.LC03MDC.WJ3L_LFR,Last Flow Rate          ,,,MDSS01.LC03CALC.DG01EV02,0|1002,LMS_WJ3
MDSS01.LC03MDC.WJ3L_LKV,Leak Value              ,,,MDSS01.LC03CALC.DG01EV02,0|1002,LMS_WJ3
MDSS01.LC03MDC.WJ3L_MEM,Memory Usage            ,,,MDSS01.LC03CALC.DG01EV02,0|1002,LMS_WJ3
MDSS01.LC03MDC.WJ3L_MN,Mean                    ,,,MDSS01.LC03CALC.DG01EV02,0|1002,LMS_WJ3
MDSS01.LC03MDC.WJ3L_MNR,Mean Ratio              ,,,MDSS01.LC03CALC.DG01EV02,0|1002,LMS_WJ3
MDSS01.LC03MDC.WJ3L_PON,Pump On                 ,,,MDSS01.LC03CALC.DG01EV02,0|1002,LMS_WJ3
MDSS01.LC03MDC.WJ3L_SEG,Segment Type            ,,,MDSS01.LC03CALC.DG01EV02,0|1002,LMS_WJ3
MDSS01.LC03MDC.WJ3LAB20,Air Bubble 20 um        ,,,MDSS01.LC03CALC.DG01EV02,0|1002,LMS_WJ3
MDSS01.LC03MDC.WJ3LAB21,Air Bubble 21 um        ,,,MDSS01.LC03CALC.DG01EV02,0|1002,LMS_WJ3
MDSS01.LC03MDC.WJ3LAB25,Air Bubble 25 um        ,,,MDSS01.LC03CALC.DG01EV02,0|1002,LMS_WJ3
MDSS01.LC03MDC.WJ3LAB38,Air Bubble 38 um        ,,,MDSS01.LC03CALC.DG01EV02,0|1002,LMS_WJ3
MDSS01.LC03MDC.WJ3LAB50,Air Bubble 50 um        ,,,MDSS01.LC03CALC.DG01EV02,0|1002,LMS_WJ3
MDSS01.LC03MDC.WJ3LAB70,Air Bubble 70 um        ,,,MDSS01.LC03CALC.DG01EV02,0|1002,LMS_WJ3
MDSS01.LC03MDC.WJ3LABXL,Air Bubble 100 um       ,,,MDSS01.LC03CALC.DG01EV02,0|1002,LMS_WJ3
MDSS01.LC03MDC.WJ3LBSW,BSW                     ,,,MDSS01.LC03CALC.DG01EV02,0|1002,LMS_WJ3
MDSS01.LC03MDC.WJ3LBTEC,BIT ERROR CODE          ,,,MDSS01.LC03CALC.DG01EV02,0|1002,LMS_WJ3
MDSS01.LC03MDC.WJ3LBTST,LNF Run State           ,,,MDSS01.LC03CALC.DG01EV02,0|1002,LMS_WJ3
MDSS01.LC03MDC.WJ3LCC20,CutCum20                ,,,MDSS01.LC03CALC.DG01EV02,0|1002,LMS_WJ3
MDSS01.LC03MDC.WJ3LCC25,CutCum25                ,,,MDSS01.LC03CALC.DG01EV02,0|1002,LMS_WJ3
MDSS01.LC03MDC.WJ3LCC50,CutCum50                ,,,MDSS01.LC03CALC.DG01EV02,0|1002,LMS_WJ3
MDSS01.LC03MDC.WJ3LCCMN,CutCntMean              ,,,MDSS01.LC03CALC.DG01EV02,0|1002,LMS_WJ3
MDSS01.LC03MDC.WJ3LCCMS,CutMaxSize              ,,,MDSS01.LC03CALC.DG01EV02,0|1002,LMS_WJ3
MDSS01.LC03MDC.WJ3LCCSD,CutCntStdDev            ,,,MDSS01.LC03CALC.DG01EV02,0|1002,LMS_WJ3
MDSS01.LC03MDC.WJ3LCCXL,CutCum100               ,,,MDSS01.LC03CALC.DG01EV02,0|1002,LMS_WJ3
MDSS01.LC03MDC.WJ3LCD04,CDiamCum4               ,,,MDSS01.LC03CALC.DG01EV02,0|1002,LMS_WJ3
MDSS01.LC03MDC.WJ3LCD05,CdiamCum5               ,,,MDSS01.LC03CALC.DG01EV02,0|1002,LMS_WJ3
MDSS01.LC03MDC.WJ3LCD06,CdiamCum6               ,,,MDSS01.LC03CALC.DG01EV02,0|1002,LMS_WJ3
MDSS01.LC03MDC.WJ3LCD10,CdiamCum10              ,,,MDSS01.LC03CALC.DG01EV02,0|1002,LMS_WJ3
MDSS01.LC03MDC.WJ3LCD14,CdiamCum14              ,,,MDSS01.LC03CALC.DG01EV02,0|1002,LMS_WJ3
MDSS01.LC03MDC.WJ3LCD15,CdiamCum15              ,,,MDSS01.LC03CALC.DG01EV02,0|1002,LMS_WJ3
MDSS01.LC03MDC.WJ3LCD20,CdiamCum20              ,,,MDSS01.LC03CALC.DG01EV02,0|1002,LMS_WJ3
MDSS01.LC03MDC.WJ3LCD21,CdiamCum21              ,,,MDSS01.LC03CALC.DG01EV02,0|1002,LMS_WJ3
MDSS01.LC03MDC.WJ3LCD25,CdiamCum25              ,,,MDSS01.LC03CALC.DG01EV02,0|1002,LMS_WJ3
MDSS01.LC03MDC.WJ3LCD38,CdiamCum38              ,,,MDSS01.LC03CALC.DG01EV02,0|1002,LMS_WJ3
MDSS01.LC03MDC.WJ3LCD50,CdiamCum50              ,,,MDSS01.LC03CALC.DG01EV02,0|1002,LMS_WJ3
MDSS01.LC03MDC.WJ3LCD70,CdiamCum70              ,,,MDSS01.LC03CALC.DG01EV02,0|1002,LMS_WJ3
MDSS01.LC03MDC.WJ3LCDXL,CdiamCum10              ,,,MDSS01.LC03CALC.DG01EV02,0|1002,LMS_WJ3
MDSS01.LC03MDC.WJ3LCFD,CFD                     ,,,MDSS01.LC03CALC.DG01EV02,0|1002,LMS_WJ3
MDSS01.LC03MDC.WJ3LCHRN,CameraGain              ,,,MDSS01.LC03CALC.DG01EV02,0|1002,LMS_WJ3
MDSS01.LC03MDC.WJ3LFC20,FatCum20                ,,,MDSS01.LC03CALC.DG01EV02,0|1002,LMS_WJ3
MDSS01.LC03MDC.WJ3LFC25,FatCum25                ,,,MDSS01.LC03CALC.DG01EV02,0|1002,LMS_WJ3
MDSS01.LC03MDC.WJ3LFC50,FatCum50                ,,,MDSS01.LC03CALC.DG01EV02,0|1002,LMS_WJ3
MDSS01.LC03MDC.WJ3LFCMN,FatCntMean              ,,,MDSS01.LC03CALC.DG01EV02,0|1002,LMS_WJ3
MDSS01.LC03MDC.WJ3LFCMS,FatMaxSize              ,,,MDSS01.LC03CALC.DG01EV02,0|1002,LMS_WJ3
MDSS01.LC03MDC.WJ3LFCSD,FatCntStdDev            ,,,MDSS01.LC03CALC.DG01EV02,0|1002,LMS_WJ3
MDSS01.LC03MDC.WJ3LFCXL,FatCum100               ,,,MDSS01.LC03CALC.DG01EV02,0|1002,LMS_WJ3
MDSS01.LC03MDC.WJ3LFIBE,Fibers                  ,,,MDSS01.LC03CALC.DG01EV02,0|1002,LMS_WJ3
MDSS01.LC03MDC.WJ3LHAL,HAL                     ,,,MDSS01.LC03CALC.DG01EV02,0|1002,LMS_WJ3
MDSS01.LC03MDC.WJ3LISO4,ISO4                    ,,,MDSS01.LC03CALC.DG01EV02,0|1002,LMS_WJ3
MDSS01.LC03MDC.WJ3LISO6,ISO6                    ,,,MDSS01.LC03CALC.DG01EV02,0|1002,LMS_WJ3
MDSS01.LC03MDC.WJ3LISOL,ISO14                   ,,,MDSS01.LC03CALC.DG01EV02,0|1002,LMS_WJ3
MDSS01.LC03MDC.WJ3LMD05,MdiamCum5               ,,,MDSS01.LC03CALC.DG01EV02,0|1002,LMS_WJ3
MDSS01.LC03MDC.WJ3LMD10,MdiamCum10              ,,,MDSS01.LC03CALC.DG01EV02,0|1002,LMS_WJ3
MDSS01.LC03MDC.WJ3LMD15,MdiamCum15              ,,,MDSS01.LC03CALC.DG01EV02,0|1002,LMS_WJ3
MDSS01.LC03MDC.WJ3LMD20,MdiamCum20              ,,,MDSS01.LC03CALC.DG01EV02,0|1002,LMS_WJ3
MDSS01.LC03MDC.WJ3LMD25,MdiamCum25              ,,,MDSS01.LC03CALC.DG01EV02,0|1002,LMS_WJ3
MDSS01.LC03MDC.WJ3LMD50,MDiamCum50              ,,,MDSS01.LC03CALC.DG01EV02,0|1002,LMS_WJ3
MDSS01.LC03MDC.WJ3LMDMN,MdiamMeanSize           ,,,MDSS01.LC03CALC.DG01EV02,0|1002,LMS_WJ3
MDSS01.LC03MDC.WJ3LMDMS,MdiamMaxSize            ,,,MDSS01.LC03CALC.DG01EV02,0|1002,LMS_WJ3
MDSS01.LC03MDC.WJ3LMDSD,MdiamStdDev             ,,,MDSS01.LC03CALC.DG01EV02,0|1002,LMS_WJ3
MDSS01.LC03MDC.WJ3LMDXL,MDiamCum10              ,,,MDSS01.LC03CALC.DG01EV02,0|1002,LMS_WJ3
MDSS01.LC03MDC.WJ3LNAIR,NAVAIR                  ,,,MDSS01.LC03CALC.DG01EV02,0|1002,LMS_WJ3
MDSS01.LC03MDC.WJ3LNAS,NAS                     ,,,MDSS01.LC03CALC.DG01EV02,0|1002,LMS_WJ3
MDSS01.LC03MDC.WJ3LNS05,NAS 5 um                ,,,MDSS01.LC03CALC.DG01EV02,0|1002,LMS_WJ3
MDSS01.LC03MDC.WJ3LNS15,NAS 15 um               ,,,MDSS01.LC03CALC.DG01EV02,0|1002,LMS_WJ3
MDSS01.LC03MDC.WJ3LNS25,NAS 20 um               ,,,MDSS01.LC03CALC.DG01EV02,0|1002,LMS_WJ3
MDSS01.LC03MDC.WJ3LNS50,NAS 50 um               ,,,MDSS01.LC03CALC.DG01EV02,0|1002,LMS_WJ3
MDSS01.LC03MDC.WJ3LNSXL,NAS gt 100 um           ,,,MDSS01.LC03CALC.DG01EV02,0|1002,LMS_WJ3
MDSS01.LC03MDC.WJ3LNV05,NAV Code 5 um           ,,,MDSS01.LC03CALC.DG01EV02,0|1002,LMS_WJ3
MDSS01.LC03MDC.WJ3LNV15,NAV Code 15 um          ,,,MDSS01.LC03CALC.DG01EV02,0|1002,LMS_WJ3
MDSS01.LC03MDC.WJ3LNV25,NAV Code 20 um          ,,,MDSS01.LC03CALC.DG01EV02,0|1002,LMS_WJ3
MDSS01.LC03MDC.WJ3LNV50,NAV Code 50 um          ,,,MDSS01.LC03CALC.DG01EV02,0|1002,LMS_WJ3
MDSS01.LC03MDC.WJ3LNVXL,NAV Code gt 100 um      ,,,MDSS01.LC03CALC.DG01EV02,0|1002,LMS_WJ3
MDSS01.LC03MDC.WJ3LOC20,Other Cum 20 um         ,,,MDSS01.LC03CALC.DG01EV02,0|1002,LMS_WJ3
MDSS01.LC03MDC.WJ3LOC25,OtherCum25              ,,,MDSS01.LC03CALC.DG01EV02,0|1002,LMS_WJ3
MDSS01.LC03MDC.WJ3LOC50,OtherCum50              ,,,MDSS01.LC03CALC.DG01EV02,0|1002,LMS_WJ3
MDSS01.LC03MDC.WJ3LOCMN,OtherCntMean            ,,,MDSS01.LC03CALC.DG01EV02,0|1002,LMS_WJ3
MDSS01.LC03MDC.WJ3LOCMS,OtherMaxSize            ,,,MDSS01.LC03CALC.DG01EV02,0|1002,LMS_WJ3
MDSS01.LC03MDC.WJ3LOCSD,OtherCntStdDev          ,,,MDSS01.LC03CALC.DG01EV02,0|1002,LMS_WJ3
MDSS01.LC03MDC.WJ3LOCXL,OtherCum100             ,,,MDSS01.LC03CALC.DG01EV02,0|1002,LMS_WJ3
MDSS01.LC03MDC.WJ3LOX20,OxideCum20              ,,,MDSS01.LC03CALC.DG01EV02,0|1002,LMS_WJ3
MDSS01.LC03MDC.WJ3LOX25,OxideCum25              ,,,MDSS01.LC03CALC.DG01EV02,0|1002,LMS_WJ3
MDSS01.LC03MDC.WJ3LOX50,OxideCum50              ,,,MDSS01.LC03CALC.DG01EV02,0|1002,LMS_WJ3
MDSS01.LC03MDC.WJ3LOXMN,OxideCntMean            ,,,MDSS01.LC03CALC.DG01EV02,0|1002,LMS_WJ3
MDSS01.LC03MDC.WJ3LOXMS,OxideMaxSize            ,,,MDSS01.LC03CALC.DG01EV02,0|1002,LMS_WJ3
MDSS01.LC03MDC.WJ3LOXSD,OxideCntStdDev          ,,,MDSS01.LC03CALC.DG01EV02,0|1002,LMS_WJ3
MDSS01.LC03MDC.WJ3LOXXL,OxideCum100             ,,,MDSS01.LC03CALC.DG01EV02,0|1002,LMS_WJ3
MDSS01.LC03MDC.WJ3LSA04,SAE4                    ,,,MDSS01.LC03CALC.DG01EV02,0|1002,LMS_WJ3
MDSS01.LC03MDC.WJ3LSA06,SAE6                    ,,,MDSS01.LC03CALC.DG01EV02,0|1002,LMS_WJ3
MDSS01.LC03MDC.WJ3LSA14,SAE14                   ,,,MDSS01.LC03CALC.DG01EV02,0|1002,LMS_WJ3
MDSS01.LC03MDC.WJ3LSA21,SAE21                   ,,,MDSS01.LC03CALC.DG01EV02,0|1002,LMS_WJ3
MDSS01.LC03MDC.WJ3LSA38,SAE38                   ,,,MDSS01.LC03CALC.DG01EV02,0|1002,LMS_WJ3
MDSS01.LC03MDC.WJ3LSA70,SAE70                   ,,,MDSS01.LC03CALC.DG01EV02,0|1002,LMS_WJ3
MDSS01.LC03MDC.WJ3LSAE,SAE                     ,,,MDSS01.LC03CALC.DG01EV02,0|1002,LMS_WJ3
MDSS01.LC03MDC.WJ3LSAEM,SAEmax                  ,,,MDSS01.LC03CALC.DG01EV02,0|1002,LMS_WJ3
MDSS01.LC03MDC.WJ3LSC20,SlideCum20              ,,,MDSS01.LC03CALC.DG01EV02,0|1002,LMS_WJ3
MDSS01.LC03MDC.WJ3LSC25,SlideCum25              ,,,MDSS01.LC03CALC.DG01EV02,0|1002,LMS_WJ3
MDSS01.LC03MDC.WJ3LSC50,SlideCum50              ,,,MDSS01.LC03CALC.DG01EV02,0|1002,LMS_WJ3
MDSS01.LC03MDC.WJ3LSCMN,SlideCntMean            ,,,MDSS01.LC03CALC.DG01EV02,0|1002,LMS_WJ3
MDSS01.LC03MDC.WJ3LSCMS,SlideMaxSize            ,,,MDSS01.LC03CALC.DG01EV02,0|1002,LMS_WJ3
MDSS01.LC03MDC.WJ3LSCSD,SlideCntStdDev          ,,,MDSS01.LC03CALC.DG01EV02,0|1002,LMS_WJ3
MDSS01.LC03MDC.WJ3LSCXL,SlideCum100             ,,,MDSS01.LC03CALC.DG01EV02,0|1002,LMS_WJ3
MDSS01.LC03MDC.WJ3LSOOT,PctSoot                 ,,,MDSS01.LC03CALC.DG01EV02,0|1002,LMS_WJ3
MDSS01.LC03MDC.WJ3LT_IN,Temp IN                 ,,,MDSS01.LC03CALC.DG01EV02,0|1002,LMS_WJ3
MDSS01.LC03MDC.WJ3LT_OU,Temp Out                ,,,MDSS01.LC03CALC.DG01EV02,0|1002,LMS_WJ3
MDSS01.LC03MDC.WJ3LUC_1,User Count 1            ,,,MDSS01.LC03CALC.DG01EV02,0|1002,LMS_WJ3
MDSS01.LC03MDC.WJ3LUC_2,User Count 2            ,,,MDSS01.LC03CALC.DG01EV02,0|1002,LMS_WJ3
MDSS01.LC03MDC.WJ3LUC_3,User Count 3            ,,,MDSS01.LC03CALC.DG01EV02,0|1002,LMS_WJ3
MDSS01.LC03MDC.WJ3LUC_4,User Count 4            ,,,MDSS01.LC03CALC.DG01EV02,0|1002,LMS_WJ3
MDSS01.LC03MDC.WJ3LUC_5,User Count 5            ,,,MDSS01.LC03CALC.DG01EV02,0|1002,LMS_WJ3
MDSS01.LC03MDC.WJ3LUC_6,User Count 6            ,,,MDSS01.LC03CALC.DG01EV02,0|1002,LMS_WJ3
MDSS01.LC03MDC.WJ3LUS_1,User Size 1             ,,,MDSS01.LC03CALC.DG01EV02,0|1002,LMS_WJ3
MDSS01.LC03MDC.WJ3LUS_2,User Size 2             ,,,MDSS01.LC03CALC.DG01EV02,0|1002,LMS_WJ3
MDSS01.LC03MDC.WJ3LUS_3,User Size 3             ,,,MDSS01.LC03CALC.DG01EV02,0|1002,LMS_WJ3
MDSS01.LC03MDC.WJ3LUS_4,User Size 4             ,,,MDSS01.LC03CALC.DG01EV02,0|1002,LMS_WJ3
MDSS01.LC03MDC.WJ3LUS_5,User Size 5             ,,,MDSS01.LC03CALC.DG01EV02,0|1002,LMS_WJ3
MDSS01.LC03MDC.WJ3LUS_6,User Size 6             ,,,MDSS01.LC03CALC.DG01EV02,0|1002,LMS_WJ3
MDSS01.LC03MDC.WJ3LVISC,Viscosity40C            ,,,MDSS01.LC03CALC.DG01EV02,0|1002,LMS_WJ3
MDSS01.LC03MDC.WJ3LWBIN,WearBin                 ,,,MDSS01.LC03CALC.DG01EV02,0|1002,LMS_WJ3
MDSS01.LC03MDC.WJ3LWD20,Water Drop 20 um        ,,,MDSS01.LC03CALC.DG01EV02,0|1002,LMS_WJ3
MDSS01.LC03MDC.WJ3LWD21,Water Drop 21 um        ,,,MDSS01.LC03CALC.DG01EV02,0|1002,LMS_WJ3
MDSS01.LC03MDC.WJ3LWD25,Water Drop 25 um        ,,,MDSS01.LC03CALC.DG01EV02,0|1002,LMS_WJ3
MDSS01.LC03MDC.WJ3LWD38,Water Drop 38 um        ,,,MDSS01.LC03CALC.DG01EV02,0|1002,LMS_WJ3
MDSS01.LC03MDC.WJ3LWD50,Water Drop 50 um        ,,,MDSS01.LC03CALC.DG01EV02,0|1002,LMS_WJ3
MDSS01.LC03MDC.WJ3LWD70,Water Drop 70 um        ,,,MDSS01.LC03CALC.DG01EV02,0|1002,LMS_WJ3
MDSS01.LC03MDC.WJ3LWDXL,Water Drop 100 um       ,,,MDSS01.LC03CALC.DG01EV02,0|1002,LMS_WJ3
MDSS01.LC03MDC.WJ3LWPPM,WaterIndex              ,,,MDSS01.LC03CALC.DG01EV02,0|1002,LMS_WJ3
MDSS01.LC03MDC.WJ4L_STA,Status,,,MDSS01.LC03CALC.DG01EV02,0|1002,LMS_WJ4
MDSS01.LC03MDC.WJ4L_FLW,Flow Rate               ,,,MDSS01.LC03CALC.DG01EV02,0|1002,LMS_WJ4
MDSS01.LC03MDC.WJ4L_LFR,Last Flow Rate          ,,,MDSS01.LC03CALC.DG01EV02,0|1002,LMS_WJ4
MDSS01.LC03MDC.WJ4L_LKV,Leak Value              ,,,MDSS01.LC03CALC.DG01EV02,0|1002,LMS_WJ4
MDSS01.LC03MDC.WJ4L_MEM,Memory Usage            ,,,MDSS01.LC03CALC.DG01EV02,0|1002,LMS_WJ4
MDSS01.LC03MDC.WJ4L_MN,Mean                    ,,,MDSS01.LC03CALC.DG01EV02,0|1002,LMS_WJ4
MDSS01.LC03MDC.WJ4L_MNR,Mean Ratio              ,,,MDSS01.LC03CALC.DG01EV02,0|1002,LMS_WJ4
MDSS01.LC03MDC.WJ4L_PON,Pump On                 ,,,MDSS01.LC03CALC.DG01EV02,0|1002,LMS_WJ4
MDSS01.LC03MDC.WJ4L_SEG,Segment Type            ,,,MDSS01.LC03CALC.DG01EV02,0|1002,LMS_WJ4
MDSS01.LC03MDC.WJ4LAB20,Air Bubble 20 um        ,,,MDSS01.LC03CALC.DG01EV02,0|1002,LMS_WJ4
MDSS01.LC03MDC.WJ4LAB21,Air Bubble 21 um        ,,,MDSS01.LC03CALC.DG01EV02,0|1002,LMS_WJ4
MDSS01.LC03MDC.WJ4LAB25,Air Bubble 25 um        ,,,MDSS01.LC03CALC.DG01EV02,0|1002,LMS_WJ4
MDSS01.LC03MDC.WJ4LAB38,Air Bubble 38 um        ,,,MDSS01.LC03CALC.DG01EV02,0|1002,LMS_WJ4
MDSS01.LC03MDC.WJ4LAB50,Air Bubble 50 um        ,,,MDSS01.LC03CALC.DG01EV02,0|1002,LMS_WJ4
MDSS01.LC03MDC.WJ4LAB70,Air Bubble 70 um        ,,,MDSS01.LC03CALC.DG01EV02,0|1002,LMS_WJ4
MDSS01.LC03MDC.WJ4LABXL,Air Bubble 100 um       ,,,MDSS01.LC03CALC.DG01EV02,0|1002,LMS_WJ4
MDSS01.LC03MDC.WJ4LBSW,BSW                     ,,,MDSS01.LC03CALC.DG01EV02,0|1002,LMS_WJ4
MDSS01.LC03MDC.WJ4LBTEC,BIT ERROR CODE          ,,,MDSS01.LC03CALC.DG01EV02,0|1002,LMS_WJ4
MDSS01.LC03MDC.WJ4LBTST,LNF Run State           ,,,MDSS01.LC03CALC.DG01EV02,0|1002,LMS_WJ4
MDSS01.LC03MDC.WJ4LCC20,CutCum20                ,,,MDSS01.LC03CALC.DG01EV02,0|1002,LMS_WJ4
MDSS01.LC03MDC.WJ4LCC25,CutCum25                ,,,MDSS01.LC03CALC.DG01EV02,0|1002,LMS_WJ4
MDSS01.LC03MDC.WJ4LCC50,CutCum50                ,,,MDSS01.LC03CALC.DG01EV02,0|1002,LMS_WJ4
MDSS01.LC03MDC.WJ4LCCMN,CutCntMean              ,,,MDSS01.LC03CALC.DG01EV02,0|1002,LMS_WJ4
MDSS01.LC03MDC.WJ4LCCMS,CutMaxSize              ,,,MDSS01.LC03CALC.DG01EV02,0|1002,LMS_WJ4
MDSS01.LC03MDC.WJ4LCCSD,CutCntStdDev            ,,,MDSS01.LC03CALC.DG01EV02,0|1002,LMS_WJ4
MDSS01.LC03MDC.WJ4LCCXL,CutCum100               ,,,MDSS01.LC03CALC.DG01EV02,0|1002,LMS_WJ4
MDSS01.LC03MDC.WJ4LCD04,CDiamCum4               ,,,MDSS01.LC03CALC.DG01EV02,0|1002,LMS_WJ4
MDSS01.LC03MDC.WJ4LCD05,CdiamCum5               ,,,MDSS01.LC03CALC.DG01EV02,0|1002,LMS_WJ4
MDSS01.LC03MDC.WJ4LCD06,CdiamCum6               ,,,MDSS01.LC03CALC.DG01EV02,0|1002,LMS_WJ4
MDSS01.LC03MDC.WJ4LCD10,CdiamCum10              ,,,MDSS01.LC03CALC.DG01EV02,0|1002,LMS_WJ4
MDSS01.LC03MDC.WJ4LCD14,CdiamCum14              ,,,MDSS01.LC03CALC.DG01EV02,0|1002,LMS_WJ4
MDSS01.LC03MDC.WJ4LCD15,CdiamCum15              ,,,MDSS01.LC03CALC.DG01EV02,0|1002,LMS_WJ4
MDSS01.LC03MDC.WJ4LCD20,CdiamCum20              ,,,MDSS01.LC03CALC.DG01EV02,0|1002,LMS_WJ4
MDSS01.LC03MDC.WJ4LCD21,CdiamCum21              ,,,MDSS01.LC03CALC.DG01EV02,0|1002,LMS_WJ4
MDSS01.LC03MDC.WJ4LCD25,CdiamCum25              ,,,MDSS01.LC03CALC.DG01EV02,0|1002,LMS_WJ4
MDSS01.LC03MDC.WJ4LCD38,CdiamCum38              ,,,MDSS01.LC03CALC.DG01EV02,0|1002,LMS_WJ4
MDSS01.LC03MDC.WJ4LCD50,CdiamCum50              ,,,MDSS01.LC03CALC.DG01EV02,0|1002,LMS_WJ4
MDSS01.LC03MDC.WJ4LCD70,CdiamCum70              ,,,MDSS01.LC03CALC.DG01EV02,0|1002,LMS_WJ4
MDSS01.LC03MDC.WJ4LCDXL,CdiamCum10              ,,,MDSS01.LC03CALC.DG01EV02,0|1002,LMS_WJ4
MDSS01.LC03MDC.WJ4LCFD,CFD                     ,,,MDSS01.LC03CALC.DG01EV02,0|1002,LMS_WJ4
MDSS01.LC03MDC.WJ4LCHRN,CameraGain              ,,,MDSS01.LC03CALC.DG01EV02,0|1002,LMS_WJ4
MDSS01.LC03MDC.WJ4LFC20,FatCum20                ,,,MDSS01.LC03CALC.DG01EV02,0|1002,LMS_WJ4
MDSS01.LC03MDC.WJ4LFC25,FatCum25                ,,,MDSS01.LC03CALC.DG01EV02,0|1002,LMS_WJ4
MDSS01.LC03MDC.WJ4LFC50,FatCum50                ,,,MDSS01.LC03CALC.DG01EV02,0|1002,LMS_WJ4
MDSS01.LC03MDC.WJ4LFCMN,FatCntMean              ,,,MDSS01.LC03CALC.DG01EV02,0|1002,LMS_WJ4
MDSS01.LC03MDC.WJ4LFCMS,FatMaxSize              ,,,MDSS01.LC03CALC.DG01EV02,0|1002,LMS_WJ4
MDSS01.LC03MDC.WJ4LFCSD,FatCntStdDev            ,,,MDSS01.LC03CALC.DG01EV02,0|1002,LMS_WJ4
MDSS01.LC03MDC.WJ4LFCXL,FatCum100               ,,,MDSS01.LC03CALC.DG01EV02,0|1002,LMS_WJ4
MDSS01.LC03MDC.WJ4LFIBE,Fibers                  ,,,MDSS01.LC03CALC.DG01EV02,0|1002,LMS_WJ4
MDSS01.LC03MDC.WJ4LHAL,HAL                     ,,,MDSS01.LC03CALC.DG01EV02,0|1002,LMS_WJ4
MDSS01.LC03MDC.WJ4LISO4,ISO4                    ,,,MDSS01.LC03CALC.DG01EV02,0|1002,LMS_WJ4
MDSS01.LC03MDC.WJ4LISO6,ISO6                    ,,,MDSS01.LC03CALC.DG01EV02,0|1002,LMS_WJ4
MDSS01.LC03MDC.WJ4LISOL,ISO14                   ,,,MDSS01.LC03CALC.DG01EV02,0|1002,LMS_WJ4
MDSS01.LC03MDC.WJ4LMD05,MdiamCum5               ,,,MDSS01.LC03CALC.DG01EV02,0|1002,LMS_WJ4
MDSS01.LC03MDC.WJ4LMD10,MdiamCum10              ,,,MDSS01.LC03CALC.DG01EV02,0|1002,LMS_WJ4
MDSS01.LC03MDC.WJ4LMD15,MdiamCum15              ,,,MDSS01.LC03CALC.DG01EV02,0|1002,LMS_WJ4
MDSS01.LC03MDC.WJ4LMD20,MdiamCum20              ,,,MDSS01.LC03CALC.DG01EV02,0|1002,LMS_WJ4
MDSS01.LC03MDC.WJ4LMD25,MdiamCum25              ,,,MDSS01.LC03CALC.DG01EV02,0|1002,LMS_WJ4
MDSS01.LC03MDC.WJ4LMD50,MDiamCum50              ,,,MDSS01.LC03CALC.DG01EV02,0|1002,LMS_WJ4
MDSS01.LC03MDC.WJ4LMDMN,MdiamMeanSize           ,,,MDSS01.LC03CALC.DG01EV02,0|1002,LMS_WJ4
MDSS01.LC03MDC.WJ4LMDMS,MdiamMaxSize            ,,,MDSS01.LC03CALC.DG01EV02,0|1002,LMS_WJ4
MDSS01.LC03MDC.WJ4LMDSD,MdiamStdDev             ,,,MDSS01.LC03CALC.DG01EV02,0|1002,LMS_WJ4
MDSS01.LC03MDC.WJ4LMDXL,MDiamCum10              ,,,MDSS01.LC03CALC.DG01EV02,0|1002,LMS_WJ4
MDSS01.LC03MDC.WJ4LNAIR,NAVAIR                  ,,,MDSS01.LC03CALC.DG01EV02,0|1002,LMS_WJ4
MDSS01.LC03MDC.WJ4LNAS,NAS                     ,,,MDSS01.LC03CALC.DG01EV02,0|1002,LMS_WJ4
MDSS01.LC03MDC.WJ4LNS05,NAS 5 um                ,,,MDSS01.LC03CALC.DG01EV02,0|1002,LMS_WJ4
MDSS01.LC03MDC.WJ4LNS15,NAS 15 um               ,,,MDSS01.LC03CALC.DG01EV02,0|1002,LMS_WJ4
MDSS01.LC03MDC.WJ4LNS25,NAS 20 um               ,,,MDSS01.LC03CALC.DG01EV02,0|1002,LMS_WJ4
MDSS01.LC03MDC.WJ4LNS50,NAS 50 um               ,,,MDSS01.LC03CALC.DG01EV02,0|1002,LMS_WJ4
MDSS01.LC03MDC.WJ4LNSXL,NAS gt 100 um           ,,,MDSS01.LC03CALC.DG01EV02,0|1002,LMS_WJ4
MDSS01.LC03MDC.WJ4LNV05,NAV Code 5 um           ,,,MDSS01.LC03CALC.DG01EV02,0|1002,LMS_WJ4
MDSS01.LC03MDC.WJ4LNV15,NAV Code 15 um          ,,,MDSS01.LC03CALC.DG01EV02,0|1002,LMS_WJ4
MDSS01.LC03MDC.WJ4LNV25,NAV Code 20 um          ,,,MDSS01.LC03CALC.DG01EV02,0|1002,LMS_WJ4
MDSS01.LC03MDC.WJ4LNV50,NAV Code 50 um          ,,,MDSS01.LC03CALC.DG01EV02,0|1002,LMS_WJ4
MDSS01.LC03MDC.WJ4LNVXL,NAV Code gt 100 um      ,,,MDSS01.LC03CALC.DG01EV02,0|1002,LMS_WJ4
MDSS01.LC03MDC.WJ4LOC20,Other Cum 20 um         ,,,MDSS01.LC03CALC.DG01EV02,0|1002,LMS_WJ4
MDSS01.LC03MDC.WJ4LOC25,OtherCum25              ,,,MDSS01.LC03CALC.DG01EV02,0|1002,LMS_WJ4
MDSS01.LC03MDC.WJ4LOC50,OtherCum50              ,,,MDSS01.LC03CALC.DG01EV02,0|1002,LMS_WJ4
MDSS01.LC03MDC.WJ4LOCMN,OtherCntMean            ,,,MDSS01.LC03CALC.DG01EV02,0|1002,LMS_WJ4
MDSS01.LC03MDC.WJ4LOCMS,OtherMaxSize            ,,,MDSS01.LC03CALC.DG01EV02,0|1002,LMS_WJ4
MDSS01.LC03MDC.WJ4LOCSD,OtherCntStdDev          ,,,MDSS01.LC03CALC.DG01EV02,0|1002,LMS_WJ4
MDSS01.LC03MDC.WJ4LOCXL,OtherCum100             ,,,MDSS01.LC03CALC.DG01EV02,0|1002,LMS_WJ4
MDSS01.LC03MDC.WJ4LOX20,OxideCum20              ,,,MDSS01.LC03CALC.DG01EV02,0|1002,LMS_WJ4
MDSS01.LC03MDC.WJ4LOX25,OxideCum25              ,,,MDSS01.LC03CALC.DG01EV02,0|1002,LMS_WJ4
MDSS01.LC03MDC.WJ4LOX50,OxideCum50              ,,,MDSS01.LC03CALC.DG01EV02,0|1002,LMS_WJ4
MDSS01.LC03MDC.WJ4LOXMN,OxideCntMean            ,,,MDSS01.LC03CALC.DG01EV02,0|1002,LMS_WJ4
MDSS01.LC03MDC.WJ4LOXMS,OxideMaxSize            ,,,MDSS01.LC03CALC.DG01EV02,0|1002,LMS_WJ4
MDSS01.LC03MDC.WJ4LOXSD,OxideCntStdDev          ,,,MDSS01.LC03CALC.DG01EV02,0|1002,LMS_WJ4
MDSS01.LC03MDC.WJ4LOXXL,OxideCum100             ,,,MDSS01.LC03CALC.DG01EV02,0|1002,LMS_WJ4
MDSS01.LC03MDC.WJ4LSA04,SAE4                    ,,,MDSS01.LC03CALC.DG01EV02,0|1002,LMS_WJ4
MDSS01.LC03MDC.WJ4LSA06,SAE6                    ,,,MDSS01.LC03CALC.DG01EV02,0|1002,LMS_WJ4
MDSS01.LC03MDC.WJ4LSA14,SAE14                   ,,,MDSS01.LC03CALC.DG01EV02,0|1002,LMS_WJ4
MDSS01.LC03MDC.WJ4LSA21,SAE21                   ,,,MDSS01.LC03CALC.DG01EV02,0|1002,LMS_WJ4
MDSS01.LC03MDC.WJ4LSA38,SAE38                   ,,,MDSS01.LC03CALC.DG01EV02,0|1002,LMS_WJ4
MDSS01.LC03MDC.WJ4LSA70,SAE70                   ,,,MDSS01.LC03CALC.DG01EV02,0|1002,LMS_WJ4
MDSS01.LC03MDC.WJ4LSAE,SAE                     ,,,MDSS01.LC03CALC.DG01EV02,0|1002,LMS_WJ4
MDSS01.LC03MDC.WJ4LSAEM,SAEmax                  ,,,MDSS01.LC03CALC.DG01EV02,0|1002,LMS_WJ4
MDSS01.LC03MDC.WJ4LSC20,SlideCum20              ,,,MDSS01.LC03CALC.DG01EV02,0|1002,LMS_WJ4
MDSS01.LC03MDC.WJ4LSC25,SlideCum25              ,,,MDSS01.LC03CALC.DG01EV02,0|1002,LMS_WJ4
MDSS01.LC03MDC.WJ4LSC50,SlideCum50              ,,,MDSS01.LC03CALC.DG01EV02,0|1002,LMS_WJ4
MDSS01.LC03MDC.WJ4LSCMN,SlideCntMean            ,,,MDSS01.LC03CALC.DG01EV02,0|1002,LMS_WJ4
MDSS01.LC03MDC.WJ4LSCMS,SlideMaxSize            ,,,MDSS01.LC03CALC.DG01EV02,0|1002,LMS_WJ4
MDSS01.LC03MDC.WJ4LSCSD,SlideCntStdDev          ,,,MDSS01.LC03CALC.DG01EV02,0|1002,LMS_WJ4
MDSS01.LC03MDC.WJ4LSCXL,SlideCum100             ,,,MDSS01.LC03CALC.DG01EV02,0|1002,LMS_WJ4
MDSS01.LC03MDC.WJ4LSOOT,PctSoot                 ,,,MDSS01.LC03CALC.DG01EV02,0|1002,LMS_WJ4
MDSS01.LC03MDC.WJ4LT_IN,Temp IN                 ,,,MDSS01.LC03CALC.DG01EV02,0|1002,LMS_WJ4
MDSS01.LC03MDC.WJ4LT_OU,Temp Out                ,,,MDSS01.LC03CALC.DG01EV02,0|1002,LMS_WJ4
MDSS01.LC03MDC.WJ4LUC_1,User Count 1            ,,,MDSS01.LC03CALC.DG01EV02,0|1002,LMS_WJ4
MDSS01.LC03MDC.WJ4LUC_2,User Count 2            ,,,MDSS01.LC03CALC.DG01EV02,0|1002,LMS_WJ4
MDSS01.LC03MDC.WJ4LUC_3,User Count 3            ,,,MDSS01.LC03CALC.DG01EV02,0|1002,LMS_WJ4
MDSS01.LC03MDC.WJ4LUC_4,User Count 4            ,,,MDSS01.LC03CALC.DG01EV02,0|1002,LMS_WJ4
MDSS01.LC03MDC.WJ4LUC_5,User Count 5            ,,,MDSS01.LC03CALC.DG01EV02,0|1002,LMS_WJ4
MDSS01.LC03MDC.WJ4LUC_6,User Count 6            ,,,MDSS01.LC03CALC.DG01EV02,0|1002,LMS_WJ4
MDSS01.LC03MDC.WJ4LUS_1,User Size 1             ,,,MDSS01.LC03CALC.DG01EV02,0|1002,LMS_WJ4
MDSS01.LC03MDC.WJ4LUS_2,User Size 2             ,,,MDSS01.LC03CALC.DG01EV02,0|1002,LMS_WJ4
MDSS01.LC03MDC.WJ4LUS_3,User Size 3             ,,,MDSS01.LC03CALC.DG01EV02,0|1002,LMS_WJ4
MDSS01.LC03MDC.WJ4LUS_4,User Size 4             ,,,MDSS01.LC03CALC.DG01EV02,0|1002,LMS_WJ4
MDSS01.LC03MDC.WJ4LUS_5,User Size 5             ,,,MDSS01.LC03CALC.DG01EV02,0|1002,LMS_WJ4
MDSS01.LC03MDC.WJ4LUS_6,User Size 6             ,,,MDSS01.LC03CALC.DG01EV02,0|1002,LMS_WJ4
MDSS01.LC03MDC.WJ4LVISC,Viscosity40C            ,,,MDSS01.LC03CALC.DG01EV02,0|1002,LMS_WJ4
MDSS01.LC03MDC.WJ4LWBIN,WearBin                 ,,,MDSS01.LC03CALC.DG01EV02,0|1002,LMS_WJ4
MDSS01.LC03MDC.WJ4LWD20,Water Drop 20 um        ,,,MDSS01.LC03CALC.DG01EV02,0|1002,LMS_WJ4
MDSS01.LC03MDC.WJ4LWD21,Water Drop 21 um        ,,,MDSS01.LC03CALC.DG01EV02,0|1002,LMS_WJ4
MDSS01.LC03MDC.WJ4LWD25,Water Drop 25 um        ,,,MDSS01.LC03CALC.DG01EV02,0|1002,LMS_WJ4
MDSS01.LC03MDC.WJ4LWD38,Water Drop 38 um        ,,,MDSS01.LC03CALC.DG01EV02,0|1002,LMS_WJ4
MDSS01.LC03MDC.WJ4LWD50,Water Drop 50 um        ,,,MDSS01.LC03CALC.DG01EV02,0|1002,LMS_WJ4
MDSS01.LC03MDC.WJ4LWD70,Water Drop 70 um        ,,,MDSS01.LC03CALC.DG01EV02,0|1002,LMS_WJ4
MDSS01.LC03MDC.WJ4LWDXL,Water Drop 100 um       ,,,MDSS01.LC03CALC.DG01EV02,0|1002,LMS_WJ4
MDSS01.LC03MDC.WJ4LWPPM,WaterIndex              ,,,MDSS01.LC03CALC.DG01EV02,0|1002,LMS_WJ4
