MDSS01.LC03MDC.FOTL_STA,Status,11/20/2015 11:58:51 AM,11/24/2015 11:58:51 AM,MDSS01.LC03CALC.DG01EV02|1|1,0|1002,LMS_FOT
MDSS01.LC03MDC.FOTL_FLW,Flow Rate,11/20/2015 11:58:51 AM,11/24/2015 11:58:51 AM,MDSS01.LC03CALC.DG01EV02|1|1,0|1002,LMS_FOT
MDSS01.LC03MDC.FOTL_LFR,Last Flow Rate,11/20/2015 11:58:51 AM,11/24/2015 11:58:51 AM,MDSS01.LC03CALC.DG01EV02|1|1,0|1002,LMS_FOT
MDSS01.LC03MDC.FOTL_LKV,Leak Value,11/20/2015 11:58:51 AM,11/24/2015 11:58:51 AM,MDSS01.LC03CALC.DG01EV02|1|1,0|1002,LMS_FOT
MDSS01.LC03MDC.FOTL_MEM,Memory Usage,11/20/2015 11:58:51 AM,11/24/2015 11:58:51 AM,MDSS01.LC03CALC.DG01EV02|1|1,0|1002,LMS_FOT
MDSS01.LC03MDC.FOTL_MN,Mean,11/20/2015 11:58:51 AM,11/24/2015 11:58:51 AM,MDSS01.LC03CALC.DG01EV02|1|1,0|1002,LMS_FOT
MDSS01.LC03MDC.FOTL_MNR,Mean Ratio,11/20/2015 11:58:51 AM,11/24/2015 11:58:51 AM,MDSS01.LC03CALC.DG01EV02|1|1,0|1002,LMS_FOT
MDSS01.LC03MDC.FOTL_PON,Pump On,11/20/2015 11:58:51 AM,11/24/2015 11:58:51 AM,MDSS01.LC03CALC.DG01EV02|1|1,0|1002,LMS_FOT
MDSS01.LC03MDC.FOTL_SEG,Segment Type,11/20/2015 11:58:51 AM,11/24/2015 11:58:51 AM,MDSS01.LC03CALC.DG01EV02|1|1,0|1002,LMS_FOT
MDSS01.LC03MDC.FOTLAB20,Air Bubble 20 um,11/20/2015 11:58:51 AM,11/24/2015 11:58:51 AM,MDSS01.LC03CALC.DG01EV02|1|1,0|1002,LMS_FOT
MDSS01.LC03MDC.FOTLAB21,Air Bubble 21 um,11/20/2015 11:58:51 AM,11/24/2015 11:58:51 AM,MDSS01.LC03CALC.DG01EV02|1|1,0|1002,LMS_FOT
MDSS01.LC03MDC.FOTLAB25,Air Bubble 25 um,11/20/2015 11:58:51 AM,11/24/2015 11:58:51 AM,MDSS01.LC03CALC.DG01EV02|1|1,0|1002,LMS_FOT
MDSS01.LC03MDC.FOTLAB38,Air Bubble 38 um,11/20/2015 11:58:51 AM,11/24/2015 11:58:51 AM,MDSS01.LC03CALC.DG01EV02|1|1,0|1002,LMS_FOT
MDSS01.LC03MDC.FOTLAB50,Air Bubble 50 um,11/20/2015 11:58:51 AM,11/24/2015 11:58:51 AM,MDSS01.LC03CALC.DG01EV02|1|1,0|1002,LMS_FOT
MDSS01.LC03MDC.FOTLAB70,Air Bubble 70 um,11/20/2015 11:58:51 AM,11/24/2015 11:58:51 AM,MDSS01.LC03CALC.DG01EV02|1|1,0|1002,LMS_FOT
MDSS01.LC03MDC.FOTLABXL,Air Bubble 100 um,11/20/2015 11:58:51 AM,11/24/2015 11:58:51 AM,MDSS01.LC03CALC.DG01EV02|1|1,0|1002,LMS_FOT
MDSS01.LC03MDC.FOTLBSW,BSW,11/20/2015 11:58:51 AM,11/24/2015 11:58:51 AM,MDSS01.LC03CALC.DG01EV02|1|1,0|1002,LMS_FOT
MDSS01.LC03MDC.FOTLBTEC,BIT ERROR CODE,11/20/2015 11:58:51 AM,11/24/2015 11:58:51 AM,MDSS01.LC03CALC.DG01EV02|1|1,0|1002,LMS_FOT
MDSS01.LC03MDC.FOTLBTST,LNF Run State,11/20/2015 11:58:51 AM,11/24/2015 11:58:51 AM,MDSS01.LC03CALC.DG01EV02|1|1,0|1002,LMS_FOT
MDSS01.LC03MDC.FOTLCC20,CutCum20,11/20/2015 11:58:51 AM,11/24/2015 11:58:51 AM,MDSS01.LC03CALC.DG01EV02|1|1,0|1002,LMS_FOT
MDSS01.LC03MDC.FOTLCC25,CutCum25,11/20/2015 11:58:51 AM,11/24/2015 11:58:51 AM,MDSS01.LC03CALC.DG01EV02|1|1,0|1002,LMS_FOT
MDSS01.LC03MDC.FOTLCC50,CutCum50,11/20/2015 11:58:51 AM,11/24/2015 11:58:51 AM,MDSS01.LC03CALC.DG01EV02|1|1,0|1002,LMS_FOT
MDSS01.LC03MDC.FOTLCCMN,CutCntMean,11/20/2015 11:58:51 AM,11/24/2015 11:58:51 AM,MDSS01.LC03CALC.DG01EV02|1|1,0|1002,LMS_FOT
MDSS01.LC03MDC.FOTLCCMS,CutMaxSize,11/20/2015 11:58:51 AM,11/24/2015 11:58:51 AM,MDSS01.LC03CALC.DG01EV02|1|1,0|1002,LMS_FOT
MDSS01.LC03MDC.FOTLCCSD,CutCntStdDev,11/20/2015 11:58:51 AM,11/24/2015 11:58:51 AM,MDSS01.LC03CALC.DG01EV02|1|1,0|1002,LMS_FOT
MDSS01.LC03MDC.FOTLCCXL,CutCum100,11/20/2015 11:58:51 AM,11/24/2015 11:58:51 AM,MDSS01.LC03CALC.DG01EV02|1|1,0|1002,LMS_FOT
MDSS01.LC03MDC.FOTLCD04,CDiamCum4,11/20/2015 11:58:51 AM,11/24/2015 11:58:51 AM,MDSS01.LC03CALC.DG01EV02|1|1,0|1002,LMS_FOT
MDSS01.LC03MDC.FOTLCD05,CdiamCum5,11/20/2015 11:58:51 AM,11/24/2015 11:58:51 AM,MDSS01.LC03CALC.DG01EV02|1|1,0|1002,LMS_FOT
MDSS01.LC03MDC.FOTLCD06,CdiamCum6,11/20/2015 11:58:51 AM,11/24/2015 11:58:51 AM,MDSS01.LC03CALC.DG01EV02|1|1,0|1002,LMS_FOT
MDSS01.LC03MDC.FOTLCD10,CdiamCum10,11/20/2015 11:58:51 AM,11/24/2015 11:58:51 AM,MDSS01.LC03CALC.DG01EV02|1|1,0|1002,LMS_FOT
MDSS01.LC03MDC.FOTLCD14,CdiamCum14,11/20/2015 11:58:51 AM,11/24/2015 11:58:51 AM,MDSS01.LC03CALC.DG01EV02|1|1,0|1002,LMS_FOT
MDSS01.LC03MDC.FOTLCD15,CdiamCum15,11/20/2015 11:58:51 AM,11/24/2015 11:58:51 AM,MDSS01.LC03CALC.DG01EV02|1|1,0|1002,LMS_FOT
MDSS01.LC03MDC.FOTLCD20,CdiamCum20,11/20/2015 11:58:51 AM,11/24/2015 11:58:51 AM,MDSS01.LC03CALC.DG01EV02|1|1,0|1002,LMS_FOT
MDSS01.LC03MDC.FOTLCD21,CdiamCum21,11/20/2015 11:58:51 AM,11/24/2015 11:58:51 AM,MDSS01.LC03CALC.DG01EV02|1|1,0|1002,LMS_FOT
MDSS01.LC03MDC.FOTLCD25,CdiamCum25,11/20/2015 11:58:51 AM,11/24/2015 11:58:51 AM,MDSS01.LC03CALC.DG01EV02|1|1,0|1002,LMS_FOT
MDSS01.LC03MDC.FOTLCD38,CdiamCum38,11/20/2015 11:58:51 AM,11/24/2015 11:58:51 AM,MDSS01.LC03CALC.DG01EV02|1|1,0|1002,LMS_FOT
MDSS01.LC03MDC.FOTLCD50,CdiamCum50,11/20/2015 11:58:51 AM,11/24/2015 11:58:51 AM,MDSS01.LC03CALC.DG01EV02|1|1,0|1002,LMS_FOT
MDSS01.LC03MDC.FOTLCD70,CdiamCum70,11/20/2015 11:58:51 AM,11/24/2015 11:58:51 AM,MDSS01.LC03CALC.DG01EV02|1|1,0|1002,LMS_FOT
MDSS01.LC03MDC.FOTLCDXL,CdiamCum10,11/20/2015 11:58:51 AM,11/24/2015 11:58:51 AM,MDSS01.LC03CALC.DG01EV02|1|1,0|1002,LMS_FOT
MDSS01.LC03MDC.FOTLCFD,CFD,11/20/2015 11:58:51 AM,11/24/2015 11:58:51 AM,MDSS01.LC03CALC.DG01EV02|1|1,0|1002,LMS_FOT
MDSS01.LC03MDC.FOTLCHRN,CameraGain,11/20/2015 11:58:51 AM,11/24/2015 11:58:51 AM,MDSS01.LC03CALC.DG01EV02|1|1,0|1002,LMS_FOT
MDSS01.LC03MDC.FOTLFC20,FatCum20,11/20/2015 11:58:51 AM,11/24/2015 11:58:51 AM,MDSS01.LC03CALC.DG01EV02|1|1,0|1002,LMS_FOT
MDSS01.LC03MDC.FOTLFC25,FatCum25,11/20/2015 11:58:51 AM,11/24/2015 11:58:51 AM,MDSS01.LC03CALC.DG01EV02|1|1,0|1002,LMS_FOT
MDSS01.LC03MDC.FOTLFC50,FatCum50,11/20/2015 11:58:51 AM,11/24/2015 11:58:51 AM,MDSS01.LC03CALC.DG01EV02|1|1,0|1002,LMS_FOT
MDSS01.LC03MDC.FOTLFCMN,FatCntMean,11/20/2015 11:58:51 AM,11/24/2015 11:58:51 AM,MDSS01.LC03CALC.DG01EV02|1|1,0|1002,LMS_FOT
MDSS01.LC03MDC.FOTLFCMS,FatMaxSize,11/20/2015 11:58:51 AM,11/24/2015 11:58:51 AM,MDSS01.LC03CALC.DG01EV02|1|1,0|1002,LMS_FOT
MDSS01.LC03MDC.FOTLFCSD,FatCntStdDev,11/20/2015 11:58:51 AM,11/24/2015 11:58:51 AM,MDSS01.LC03CALC.DG01EV02|1|1,0|1002,LMS_FOT
MDSS01.LC03MDC.FOTLFCXL,FatCum100,11/20/2015 11:58:51 AM,11/24/2015 11:58:51 AM,MDSS01.LC03CALC.DG01EV02|1|1,0|1002,LMS_FOT
MDSS01.LC03MDC.FOTLFIBE,Fibers,11/20/2015 11:58:51 AM,11/24/2015 11:58:51 AM,MDSS01.LC03CALC.DG01EV02|1|1,0|1002,LMS_FOT
MDSS01.LC03MDC.FOTLHAL,HAL,11/20/2015 11:58:51 AM,11/24/2015 11:58:51 AM,MDSS01.LC03CALC.DG01EV02|1|1,0|1002,LMS_FOT
MDSS01.LC03MDC.FOTLISO4,ISO4,11/20/2015 11:58:51 AM,11/24/2015 11:58:51 AM,MDSS01.LC03CALC.DG01EV02|1|1,0|1002,LMS_FOT
MDSS01.LC03MDC.FOTLISO6,ISO6,11/20/2015 11:58:51 AM,11/24/2015 11:58:51 AM,MDSS01.LC03CALC.DG01EV02|1|1,0|1002,LMS_FOT
MDSS01.LC03MDC.FOTLISOL,ISO14,11/20/2015 11:58:51 AM,11/24/2015 11:58:51 AM,MDSS01.LC03CALC.DG01EV02|1|1,0|1002,LMS_FOT
MDSS01.LC03MDC.FOTLMD05,MdiamCum5,11/20/2015 11:58:51 AM,11/24/2015 11:58:51 AM,MDSS01.LC03CALC.DG01EV02|1|1,0|1002,LMS_FOT
MDSS01.LC03MDC.FOTLMD10,MdiamCum10,11/20/2015 11:58:51 AM,11/24/2015 11:58:51 AM,MDSS01.LC03CALC.DG01EV02|1|1,0|1002,LMS_FOT
MDSS01.LC03MDC.FOTLMD15,MdiamCum15,11/20/2015 11:58:51 AM,11/24/2015 11:58:51 AM,MDSS01.LC03CALC.DG01EV02|1|1,0|1002,LMS_FOT
MDSS01.LC03MDC.FOTLMD20,MdiamCum20,11/20/2015 11:58:51 AM,11/24/2015 11:58:51 AM,MDSS01.LC03CALC.DG01EV02|1|1,0|1002,LMS_FOT
MDSS01.LC03MDC.FOTLMD25,MdiamCum25,11/20/2015 11:58:51 AM,11/24/2015 11:58:51 AM,MDSS01.LC03CALC.DG01EV02|1|1,0|1002,LMS_FOT
MDSS01.LC03MDC.FOTLMD50,MDiamCum50,11/20/2015 11:58:51 AM,11/24/2015 11:58:51 AM,MDSS01.LC03CALC.DG01EV02|1|1,0|1002,LMS_FOT
MDSS01.LC03MDC.FOTLMDMN,MdiamMeanSize,11/20/2015 11:58:51 AM,11/24/2015 11:58:51 AM,MDSS01.LC03CALC.DG01EV02|1|1,0|1002,LMS_FOT
MDSS01.LC03MDC.FOTLMDMS,MdiamMaxSize,11/20/2015 11:58:51 AM,11/24/2015 11:58:51 AM,MDSS01.LC03CALC.DG01EV02|1|1,0|1002,LMS_FOT
MDSS01.LC03MDC.FOTLMDSD,MdiamStdDev,11/20/2015 11:58:51 AM,11/24/2015 11:58:51 AM,MDSS01.LC03CALC.DG01EV02|1|1,0|1002,LMS_FOT
MDSS01.LC03MDC.FOTLMDXL,MDiamCum10,11/20/2015 11:58:51 AM,11/24/2015 11:58:51 AM,MDSS01.LC03CALC.DG01EV02|1|1,0|1002,LMS_FOT
MDSS01.LC03MDC.FOTLNAIR,NAVAIR,11/20/2015 11:58:51 AM,11/24/2015 11:58:51 AM,MDSS01.LC03CALC.DG01EV02|1|1,0|1002,LMS_FOT
MDSS01.LC03MDC.FOTLNAS,NAS,11/20/2015 11:58:51 AM,11/24/2015 11:58:51 AM,MDSS01.LC03CALC.DG01EV02|1|1,0|1002,LMS_FOT
MDSS01.LC03MDC.FOTLNS05,NAS 5 um,11/20/2015 11:58:51 AM,11/24/2015 11:58:51 AM,MDSS01.LC03CALC.DG01EV02|1|1,0|1002,LMS_FOT
MDSS01.LC03MDC.FOTLNS15,NAS 15 um,11/20/2015 11:58:51 AM,11/24/2015 11:58:51 AM,MDSS01.LC03CALC.DG01EV02|1|1,0|1002,LMS_FOT
MDSS01.LC03MDC.FOTLNS25,NAS 20 um,11/20/2015 11:58:51 AM,11/24/2015 11:58:51 AM,MDSS01.LC03CALC.DG01EV02|1|1,0|1002,LMS_FOT
MDSS01.LC03MDC.FOTLNS50,NAS 50 um,11/20/2015 11:58:51 AM,11/24/2015 11:58:51 AM,MDSS01.LC03CALC.DG01EV02|1|1,0|1002,LMS_FOT
MDSS01.LC03MDC.FOTLNSXL,NAS gt 100 um,11/20/2015 11:58:51 AM,11/24/2015 11:58:51 AM,MDSS01.LC03CALC.DG01EV02|1|1,0|1002,LMS_FOT
MDSS01.LC03MDC.FOTLNV05,NAV Code 5 um,11/20/2015 11:58:51 AM,11/24/2015 11:58:51 AM,MDSS01.LC03CALC.DG01EV02|1|1,0|1002,LMS_FOT
MDSS01.LC03MDC.FOTLNV15,NAV Code 15 um,11/20/2015 11:58:51 AM,11/24/2015 11:58:51 AM,MDSS01.LC03CALC.DG01EV02|1|1,0|1002,LMS_FOT
MDSS01.LC03MDC.FOTLNV25,NAV Code 20 um,11/20/2015 11:58:51 AM,11/24/2015 11:58:51 AM,MDSS01.LC03CALC.DG01EV02|1|1,0|1002,LMS_FOT
MDSS01.LC03MDC.FOTLNV50,NAV Code 50 um,11/20/2015 11:58:51 AM,11/24/2015 11:58:51 AM,MDSS01.LC03CALC.DG01EV02|1|1,0|1002,LMS_FOT
MDSS01.LC03MDC.FOTLNVXL,NAV Code gt 100 um,11/20/2015 11:58:51 AM,11/24/2015 11:58:51 AM,MDSS01.LC03CALC.DG01EV02|1|1,0|1002,LMS_FOT
MDSS01.LC03MDC.FOTLOC20,Other Cum 20 um,11/20/2015 11:58:51 AM,11/24/2015 11:58:51 AM,MDSS01.LC03CALC.DG01EV02|1|1,0|1002,LMS_FOT
MDSS01.LC03MDC.FOTLOC25,OtherCum25,11/20/2015 11:58:51 AM,11/24/2015 11:58:51 AM,MDSS01.LC03CALC.DG01EV02|1|1,0|1002,LMS_FOT
MDSS01.LC03MDC.FOTLOC50,OtherCum50,11/20/2015 11:58:51 AM,11/24/2015 11:58:51 AM,MDSS01.LC03CALC.DG01EV02|1|1,0|1002,LMS_FOT
MDSS01.LC03MDC.FOTLOCMN,OtherCntMean,11/20/2015 11:58:51 AM,11/24/2015 11:58:51 AM,MDSS01.LC03CALC.DG01EV02|1|1,0|1002,LMS_FOT
MDSS01.LC03MDC.FOTLOCMS,OtherMaxSize,11/20/2015 11:58:51 AM,11/24/2015 11:58:51 AM,MDSS01.LC03CALC.DG01EV02|1|1,0|1002,LMS_FOT
MDSS01.LC03MDC.FOTLOCSD,OtherCntStdDev,11/20/2015 11:58:51 AM,11/24/2015 11:58:51 AM,MDSS01.LC03CALC.DG01EV02|1|1,0|1002,LMS_FOT
MDSS01.LC03MDC.FOTLOCXL,OtherCum100,11/20/2015 11:58:51 AM,11/24/2015 11:58:51 AM,MDSS01.LC03CALC.DG01EV02|1|1,0|1002,LMS_FOT
MDSS01.LC03MDC.FOTLOX20,OxideCum20,11/20/2015 11:58:51 AM,11/24/2015 11:58:51 AM,MDSS01.LC03CALC.DG01EV02|1|1,0|1002,LMS_FOT
MDSS01.LC03MDC.FOTLOX25,OxideCum25,11/20/2015 11:58:51 AM,11/24/2015 11:58:51 AM,MDSS01.LC03CALC.DG01EV02|1|1,0|1002,LMS_FOT
MDSS01.LC03MDC.FOTLOX50,OxideCum50,11/20/2015 11:58:51 AM,11/24/2015 11:58:51 AM,MDSS01.LC03CALC.DG01EV02|1|1,0|1002,LMS_FOT
MDSS01.LC03MDC.FOTLOXMN,OxideCntMean,11/20/2015 11:58:51 AM,11/24/2015 11:58:51 AM,MDSS01.LC03CALC.DG01EV02|1|1,0|1002,LMS_FOT
MDSS01.LC03MDC.FOTLOXMS,OxideMaxSize,11/20/2015 11:58:51 AM,11/24/2015 11:58:51 AM,MDSS01.LC03CALC.DG01EV02|1|1,0|1002,LMS_FOT
MDSS01.LC03MDC.FOTLOXSD,OxideCntStdDev,11/20/2015 11:58:51 AM,11/24/2015 11:58:51 AM,MDSS01.LC03CALC.DG01EV02|1|1,0|1002,LMS_FOT
MDSS01.LC03MDC.FOTLOXXL,OxideCum100,11/20/2015 11:58:51 AM,11/24/2015 11:58:51 AM,MDSS01.LC03CALC.DG01EV02|1|1,0|1002,LMS_FOT
MDSS01.LC03MDC.FOTLSA04,SAE4,11/20/2015 11:58:51 AM,11/24/2015 11:58:51 AM,MDSS01.LC03CALC.DG01EV02|1|1,0|1002,LMS_FOT
MDSS01.LC03MDC.FOTLSA06,SAE6,11/20/2015 11:58:51 AM,11/24/2015 11:58:51 AM,MDSS01.LC03CALC.DG01EV02|1|1,0|1002,LMS_FOT
MDSS01.LC03MDC.FOTLSA14,SAE14,11/20/2015 11:58:51 AM,11/24/2015 11:58:51 AM,MDSS01.LC03CALC.DG01EV02|1|1,0|1002,LMS_FOT
MDSS01.LC03MDC.FOTLSA21,SAE21,11/20/2015 11:58:51 AM,11/24/2015 11:58:51 AM,MDSS01.LC03CALC.DG01EV02|1|1,0|1002,LMS_FOT
MDSS01.LC03MDC.FOTLSA38,SAE38,11/20/2015 11:58:51 AM,11/24/2015 11:58:51 AM,MDSS01.LC03CALC.DG01EV02|1|1,0|1002,LMS_FOT
MDSS01.LC03MDC.FOTLSA70,SAE70,11/20/2015 11:58:51 AM,11/24/2015 11:58:51 AM,MDSS01.LC03CALC.DG01EV02|1|1,0|1002,LMS_FOT
MDSS01.LC03MDC.FOTLSAE,SAE,11/20/2015 11:58:51 AM,11/24/2015 11:58:51 AM,MDSS01.LC03CALC.DG01EV02|1|1,0|1002,LMS_FOT
MDSS01.LC03MDC.FOTLSAEM,SAEmax,11/20/2015 11:58:51 AM,11/24/2015 11:58:51 AM,MDSS01.LC03CALC.DG01EV02|1|1,0|1002,LMS_FOT
MDSS01.LC03MDC.FOTLSC20,SlideCum20,11/20/2015 11:58:51 AM,11/24/2015 11:58:51 AM,MDSS01.LC03CALC.DG01EV02|1|1,0|1002,LMS_FOT
MDSS01.LC03MDC.FOTLSC25,SlideCum25,11/20/2015 11:58:51 AM,11/24/2015 11:58:51 AM,MDSS01.LC03CALC.DG01EV02|1|1,0|1002,LMS_FOT
MDSS01.LC03MDC.FOTLSC50,SlideCum50,11/20/2015 11:58:51 AM,11/24/2015 11:58:51 AM,MDSS01.LC03CALC.DG01EV02|1|1,0|1002,LMS_FOT
MDSS01.LC03MDC.FOTLSCMN,SlideCntMean,11/20/2015 11:58:51 AM,11/24/2015 11:58:51 AM,MDSS01.LC03CALC.DG01EV02|1|1,0|1002,LMS_FOT
MDSS01.LC03MDC.FOTLSCMS,SlideMaxSize,11/20/2015 11:58:51 AM,11/24/2015 11:58:51 AM,MDSS01.LC03CALC.DG01EV02|1|1,0|1002,LMS_FOT
MDSS01.LC03MDC.FOTLSCSD,SlideCntStdDev,11/20/2015 11:58:51 AM,11/24/2015 11:58:51 AM,MDSS01.LC03CALC.DG01EV02|1|1,0|1002,LMS_FOT
MDSS01.LC03MDC.FOTLSCXL,SlideCum100,11/20/2015 11:58:51 AM,11/24/2015 11:58:51 AM,MDSS01.LC03CALC.DG01EV02|1|1,0|1002,LMS_FOT
MDSS01.LC03MDC.FOTLSOOT,PctSoot,11/20/2015 11:58:51 AM,11/24/2015 11:58:51 AM,MDSS01.LC03CALC.DG01EV02|1|1,0|1002,LMS_FOT
MDSS01.LC03MDC.FOTLT_IN,Temp IN,11/20/2015 11:58:51 AM,11/24/2015 11:58:51 AM,MDSS01.LC03CALC.DG01EV02|1|1,0|1002,LMS_FOT
MDSS01.LC03MDC.FOTLT_OU,Temp Out,11/20/2015 11:58:51 AM,11/24/2015 11:58:51 AM,MDSS01.LC03CALC.DG01EV02|1|1,0|1002,LMS_FOT
MDSS01.LC03MDC.FOTLUC_1,User Count 1,11/20/2015 11:58:51 AM,11/24/2015 11:58:51 AM,MDSS01.LC03CALC.DG01EV02|1|1,0|1002,LMS_FOT
MDSS01.LC03MDC.FOTLUC_2,User Count 2,11/20/2015 11:58:51 AM,11/24/2015 11:58:51 AM,MDSS01.LC03CALC.DG01EV02|1|1,0|1002,LMS_FOT
MDSS01.LC03MDC.FOTLUC_3,User Count 3,11/20/2015 11:58:51 AM,11/24/2015 11:58:51 AM,MDSS01.LC03CALC.DG01EV02|1|1,0|1002,LMS_FOT
MDSS01.LC03MDC.FOTLUC_4,User Count 4,11/20/2015 11:58:51 AM,11/24/2015 11:58:51 AM,MDSS01.LC03CALC.DG01EV02|1|1,0|1002,LMS_FOT
MDSS01.LC03MDC.FOTLUC_5,User Count 5,11/20/2015 11:58:51 AM,11/24/2015 11:58:51 AM,MDSS01.LC03CALC.DG01EV02|1|1,0|1002,LMS_FOT
MDSS01.LC03MDC.FOTLUC_6,User Count 6,11/20/2015 11:58:51 AM,11/24/2015 11:58:51 AM,MDSS01.LC03CALC.DG01EV02|1|1,0|1002,LMS_FOT
MDSS01.LC03MDC.FOTLUS_1,User Size 1,11/20/2015 11:58:51 AM,11/24/2015 11:58:51 AM,MDSS01.LC03CALC.DG01EV02|1|1,0|1002,LMS_FOT
MDSS01.LC03MDC.FOTLUS_2,User Size 2,11/20/2015 11:58:51 AM,11/24/2015 11:58:51 AM,MDSS01.LC03CALC.DG01EV02|1|1,0|1002,LMS_FOT
MDSS01.LC03MDC.FOTLUS_3,User Size 3,11/20/2015 11:58:51 AM,11/24/2015 11:58:51 AM,MDSS01.LC03CALC.DG01EV02|1|1,0|1002,LMS_FOT
MDSS01.LC03MDC.FOTLUS_4,User Size 4,11/20/2015 11:58:51 AM,11/24/2015 11:58:51 AM,MDSS01.LC03CALC.DG01EV02|1|1,0|1002,LMS_FOT
MDSS01.LC03MDC.FOTLUS_5,User Size 5,11/20/2015 11:58:51 AM,11/24/2015 11:58:51 AM,MDSS01.LC03CALC.DG01EV02|1|1,0|1002,LMS_FOT
MDSS01.LC03MDC.FOTLUS_6,User Size 6,11/20/2015 11:58:51 AM,11/24/2015 11:58:51 AM,MDSS01.LC03CALC.DG01EV02|1|1,0|1002,LMS_FOT
MDSS01.LC03MDC.FOTLVISC,Viscosity40C,11/20/2015 11:58:51 AM,11/24/2015 11:58:51 AM,MDSS01.LC03CALC.DG01EV02|1|1,0|1002,LMS_FOT
MDSS01.LC03MDC.FOTLWBIN,WearBin,11/20/2015 11:58:51 AM,11/24/2015 11:58:51 AM,MDSS01.LC03CALC.DG01EV02|1|1,0|1002,LMS_FOT
MDSS01.LC03MDC.FOTLWD20,Water Drop 20 um,11/20/2015 11:58:51 AM,11/24/2015 11:58:51 AM,MDSS01.LC03CALC.DG01EV02|1|1,0|1002,LMS_FOT
MDSS01.LC03MDC.FOTLWD21,Water Drop 21 um,11/20/2015 11:58:51 AM,11/24/2015 11:58:51 AM,MDSS01.LC03CALC.DG01EV02|1|1,0|1002,LMS_FOT
MDSS01.LC03MDC.FOTLWD25,Water Drop 25 um,11/20/2015 11:58:51 AM,11/24/2015 11:58:51 AM,MDSS01.LC03CALC.DG01EV02|1|1,0|1002,LMS_FOT
MDSS01.LC03MDC.FOTLWD38,Water Drop 38 um,11/20/2015 11:58:51 AM,11/24/2015 11:58:51 AM,MDSS01.LC03CALC.DG01EV02|1|1,0|1002,LMS_FOT
MDSS01.LC03MDC.FOTLWD50,Water Drop 50 um,11/20/2015 11:58:51 AM,11/24/2015 11:58:51 AM,MDSS01.LC03CALC.DG01EV02|1|1,0|1002,LMS_FOT
MDSS01.LC03MDC.FOTLWD70,Water Drop 70 um,11/20/2015 11:58:51 AM,11/24/2015 11:58:51 AM,MDSS01.LC03CALC.DG01EV02|1|1,0|1002,LMS_FOT
MDSS01.LC03MDC.FOTLWDXL,Water Drop 100 um,11/20/2015 11:58:51 AM,11/24/2015 11:58:51 AM,MDSS01.LC03CALC.DG01EV02|1|1,0|1002,LMS_FOT
MDSS01.LC03MDC.FOTLWPPM,WaterIndex,11/20/2015 11:58:51 AM,11/24/2015 11:58:51 AM,MDSS01.LC03CALC.DG01EV02|1|1,0|1002,LMS_FOT
MDSS01.LC03MDC.PD2L_STA,Status,11/20/2015 11:58:51 AM,11/24/2015 11:58:51 AM,MDSS01.LC03CALC.DG01EV02|1|1,0|1002,LMS_PD2
MDSS01.LC03MDC.PD2L_FLW,Flow Rate,11/20/2015 11:58:51 AM,11/24/2015 11:58:51 AM,MDSS01.LC03CALC.DG01EV02|1|1,0|1002,LMS_PD2
MDSS01.LC03MDC.PD2L_LFR,Last Flow Rate,11/20/2015 11:58:51 AM,11/24/2015 11:58:51 AM,MDSS01.LC03CALC.DG01EV02|1|1,0|1002,LMS_PD2
MDSS01.LC03MDC.PD2L_LKV,Leak Value,11/20/2015 11:58:51 AM,11/24/2015 11:58:51 AM,MDSS01.LC03CALC.DG01EV02|1|1,0|1002,LMS_PD2
MDSS01.LC03MDC.PD2L_MEM,Memory Usage,11/20/2015 11:58:51 AM,11/24/2015 11:58:51 AM,MDSS01.LC03CALC.DG01EV02|1|1,0|1002,LMS_PD2
MDSS01.LC03MDC.PD2L_MN,Mean,11/20/2015 11:58:51 AM,11/24/2015 11:58:51 AM,MDSS01.LC03CALC.DG01EV02|1|1,0|1002,LMS_PD2
MDSS01.LC03MDC.PD2L_MNR,Mean Ratio,11/20/2015 11:58:51 AM,11/24/2015 11:58:51 AM,MDSS01.LC03CALC.DG01EV02|1|1,0|1002,LMS_PD2
MDSS01.LC03MDC.PD2L_PON,Pump On,11/20/2015 11:58:51 AM,11/24/2015 11:58:51 AM,MDSS01.LC03CALC.DG01EV02|1|1,0|1002,LMS_PD2
MDSS01.LC03MDC.PD2L_SEG,Segment Type,11/20/2015 11:58:51 AM,11/24/2015 11:58:51 AM,MDSS01.LC03CALC.DG01EV02|1|1,0|1002,LMS_PD2
MDSS01.LC03MDC.PD2LAB20,Air Bubble 20 um,11/20/2015 11:58:51 AM,11/24/2015 11:58:51 AM,MDSS01.LC03CALC.DG01EV02|1|1,0|1002,LMS_PD2
MDSS01.LC03MDC.PD2LAB21,Air Bubble 21 um,11/20/2015 11:58:51 AM,11/24/2015 11:58:51 AM,MDSS01.LC03CALC.DG01EV02|1|1,0|1002,LMS_PD2
MDSS01.LC03MDC.PD2LAB25,Air Bubble 25 um,11/20/2015 11:58:51 AM,11/24/2015 11:58:51 AM,MDSS01.LC03CALC.DG01EV02|1|1,0|1002,LMS_PD2
MDSS01.LC03MDC.PD2LAB38,Air Bubble 38 um,11/20/2015 11:58:51 AM,11/24/2015 11:58:51 AM,MDSS01.LC03CALC.DG01EV02|1|1,0|1002,LMS_PD2
MDSS01.LC03MDC.PD2LAB50,Air Bubble 50 um,11/20/2015 11:58:51 AM,11/24/2015 11:58:51 AM,MDSS01.LC03CALC.DG01EV02|1|1,0|1002,LMS_PD2
MDSS01.LC03MDC.PD2LAB70,Air Bubble 70 um,11/20/2015 11:58:51 AM,11/24/2015 11:58:51 AM,MDSS01.LC03CALC.DG01EV02|1|1,0|1002,LMS_PD2
MDSS01.LC03MDC.PD2LABXL,Air Bubble 100 um,11/20/2015 11:58:51 AM,11/24/2015 11:58:51 AM,MDSS01.LC03CALC.DG01EV02|1|1,0|1002,LMS_PD2
MDSS01.LC03MDC.PD2LBSW,BSW,11/20/2015 11:58:51 AM,11/24/2015 11:58:51 AM,MDSS01.LC03CALC.DG01EV02|1|1,0|1002,LMS_PD2
MDSS01.LC03MDC.PD2LBTEC,BIT ERROR CODE,11/20/2015 11:58:51 AM,11/24/2015 11:58:51 AM,MDSS01.LC03CALC.DG01EV02|1|1,0|1002,LMS_PD2
MDSS01.LC03MDC.PD2LBTST,LNF Run State,11/20/2015 11:58:51 AM,11/24/2015 11:58:51 AM,MDSS01.LC03CALC.DG01EV02|1|1,0|1002,LMS_PD2
MDSS01.LC03MDC.PD2LCC20,CutCum20,11/20/2015 11:58:51 AM,11/24/2015 11:58:51 AM,MDSS01.LC03CALC.DG01EV02|1|1,0|1002,LMS_PD2
MDSS01.LC03MDC.PD2LCC25,CutCum25,11/20/2015 11:58:51 AM,11/24/2015 11:58:51 AM,MDSS01.LC03CALC.DG01EV02|1|1,0|1002,LMS_PD2
MDSS01.LC03MDC.PD2LCC50,CutCum50,11/20/2015 11:58:51 AM,11/24/2015 11:58:51 AM,MDSS01.LC03CALC.DG01EV02|1|1,0|1002,LMS_PD2
MDSS01.LC03MDC.PD2LCCMN,CutCntMean,11/20/2015 11:58:51 AM,11/24/2015 11:58:51 AM,MDSS01.LC03CALC.DG01EV02|1|1,0|1002,LMS_PD2
MDSS01.LC03MDC.PD2LCCMS,CutMaxSize,11/20/2015 11:58:51 AM,11/24/2015 11:58:51 AM,MDSS01.LC03CALC.DG01EV02|1|1,0|1002,LMS_PD2
MDSS01.LC03MDC.PD2LCCSD,CutCntStdDev,11/20/2015 11:58:51 AM,11/24/2015 11:58:51 AM,MDSS01.LC03CALC.DG01EV02|1|1,0|1002,LMS_PD2
MDSS01.LC03MDC.PD2LCCXL,CutCum100,11/20/2015 11:58:51 AM,11/24/2015 11:58:51 AM,MDSS01.LC03CALC.DG01EV02|1|1,0|1002,LMS_PD2
MDSS01.LC03MDC.PD2LCD04,CDiamCum4,11/20/2015 11:58:51 AM,11/24/2015 11:58:51 AM,MDSS01.LC03CALC.DG01EV02|1|1,0|1002,LMS_PD2
MDSS01.LC03MDC.PD2LCD05,CdiamCum5,11/20/2015 11:58:51 AM,11/24/2015 11:58:51 AM,MDSS01.LC03CALC.DG01EV02|1|1,0|1002,LMS_PD2
MDSS01.LC03MDC.PD2LCD06,CdiamCum6,11/20/2015 11:58:51 AM,11/24/2015 11:58:51 AM,MDSS01.LC03CALC.DG01EV02|1|1,0|1002,LMS_PD2
MDSS01.LC03MDC.PD2LCD10,CdiamCum10,11/20/2015 11:58:51 AM,11/24/2015 11:58:51 AM,MDSS01.LC03CALC.DG01EV02|1|1,0|1002,LMS_PD2
MDSS01.LC03MDC.PD2LCD14,CdiamCum14,11/20/2015 11:58:51 AM,11/24/2015 11:58:51 AM,MDSS01.LC03CALC.DG01EV02|1|1,0|1002,LMS_PD2
MDSS01.LC03MDC.PD2LCD15,CdiamCum15,11/20/2015 11:58:51 AM,11/24/2015 11:58:51 AM,MDSS01.LC03CALC.DG01EV02|1|1,0|1002,LMS_PD2
MDSS01.LC03MDC.PD2LCD20,CdiamCum20,11/20/2015 11:58:51 AM,11/24/2015 11:58:51 AM,MDSS01.LC03CALC.DG01EV02|1|1,0|1002,LMS_PD2
MDSS01.LC03MDC.PD2LCD21,CdiamCum21,11/20/2015 11:58:51 AM,11/24/2015 11:58:51 AM,MDSS01.LC03CALC.DG01EV02|1|1,0|1002,LMS_PD2
MDSS01.LC03MDC.PD2LCD25,CdiamCum25,11/20/2015 11:58:51 AM,11/24/2015 11:58:51 AM,MDSS01.LC03CALC.DG01EV02|1|1,0|1002,LMS_PD2
MDSS01.LC03MDC.PD2LCD38,CdiamCum38,11/20/2015 11:58:51 AM,11/24/2015 11:58:51 AM,MDSS01.LC03CALC.DG01EV02|1|1,0|1002,LMS_PD2
MDSS01.LC03MDC.PD2LCD50,CdiamCum50,11/20/2015 11:58:51 AM,11/24/2015 11:58:51 AM,MDSS01.LC03CALC.DG01EV02|1|1,0|1002,LMS_PD2
MDSS01.LC03MDC.PD2LCD70,CdiamCum70,11/20/2015 11:58:51 AM,11/24/2015 11:58:51 AM,MDSS01.LC03CALC.DG01EV02|1|1,0|1002,LMS_PD2
MDSS01.LC03MDC.PD2LCDXL,CdiamCum10,11/20/2015 11:58:51 AM,11/24/2015 11:58:51 AM,MDSS01.LC03CALC.DG01EV02|1|1,0|1002,LMS_PD2
MDSS01.LC03MDC.PD2LCFD,CFD,11/20/2015 11:58:51 AM,11/24/2015 11:58:51 AM,MDSS01.LC03CALC.DG01EV02|1|1,0|1002,LMS_PD2
MDSS01.LC03MDC.PD2LCHRN,CameraGain,11/20/2015 11:58:51 AM,11/24/2015 11:58:51 AM,MDSS01.LC03CALC.DG01EV02|1|1,0|1002,LMS_PD2
MDSS01.LC03MDC.PD2LFC20,FatCum20,11/20/2015 11:58:51 AM,11/24/2015 11:58:51 AM,MDSS01.LC03CALC.DG01EV02|1|1,0|1002,LMS_PD2
MDSS01.LC03MDC.PD2LFC25,FatCum25,11/20/2015 11:58:51 AM,11/24/2015 11:58:51 AM,MDSS01.LC03CALC.DG01EV02|1|1,0|1002,LMS_PD2
MDSS01.LC03MDC.PD2LFC50,FatCum50,11/20/2015 11:58:51 AM,11/24/2015 11:58:51 AM,MDSS01.LC03CALC.DG01EV02|1|1,0|1002,LMS_PD2
MDSS01.LC03MDC.PD2LFCMN,FatCntMean,11/20/2015 11:58:51 AM,11/24/2015 11:58:51 AM,MDSS01.LC03CALC.DG01EV02|1|1,0|1002,LMS_PD2
MDSS01.LC03MDC.PD2LFCMS,FatMaxSize,11/20/2015 11:58:51 AM,11/24/2015 11:58:51 AM,MDSS01.LC03CALC.DG01EV02|1|1,0|1002,LMS_PD2
MDSS01.LC03MDC.PD2LFCSD,FatCntStdDev,11/20/2015 11:58:51 AM,11/24/2015 11:58:51 AM,MDSS01.LC03CALC.DG01EV02|1|1,0|1002,LMS_PD2
MDSS01.LC03MDC.PD2LFCXL,FatCum100,11/20/2015 11:58:51 AM,11/24/2015 11:58:51 AM,MDSS01.LC03CALC.DG01EV02|1|1,0|1002,LMS_PD2
MDSS01.LC03MDC.PD2LFIBE,Fibers,11/20/2015 11:58:51 AM,11/24/2015 11:58:51 AM,MDSS01.LC03CALC.DG01EV02|1|1,0|1002,LMS_PD2
MDSS01.LC03MDC.PD2LHAL,HAL,11/20/2015 11:58:51 AM,11/24/2015 11:58:51 AM,MDSS01.LC03CALC.DG01EV02|1|1,0|1002,LMS_PD2
MDSS01.LC03MDC.PD2LISO4,ISO4,11/20/2015 11:58:51 AM,11/24/2015 11:58:51 AM,MDSS01.LC03CALC.DG01EV02|1|1,0|1002,LMS_PD2
MDSS01.LC03MDC.PD2LISO6,ISO6,11/20/2015 11:58:51 AM,11/24/2015 11:58:51 AM,MDSS01.LC03CALC.DG01EV02|1|1,0|1002,LMS_PD2
MDSS01.LC03MDC.PD2LISOL,ISO14,11/20/2015 11:58:51 AM,11/24/2015 11:58:51 AM,MDSS01.LC03CALC.DG01EV02|1|1,0|1002,LMS_PD2
MDSS01.LC03MDC.PD2LMD05,MdiamCum5,11/20/2015 11:58:51 AM,11/24/2015 11:58:51 AM,MDSS01.LC03CALC.DG01EV02|1|1,0|1002,LMS_PD2
MDSS01.LC03MDC.PD2LMD10,MdiamCum10,11/20/2015 11:58:51 AM,11/24/2015 11:58:51 AM,MDSS01.LC03CALC.DG01EV02|1|1,0|1002,LMS_PD2
MDSS01.LC03MDC.PD2LMD15,MdiamCum15,11/20/2015 11:58:51 AM,11/24/2015 11:58:51 AM,MDSS01.LC03CALC.DG01EV02|1|1,0|1002,LMS_PD2
MDSS01.LC03MDC.PD2LMD20,MdiamCum20,11/20/2015 11:58:51 AM,11/24/2015 11:58:51 AM,MDSS01.LC03CALC.DG01EV02|1|1,0|1002,LMS_PD2
MDSS01.LC03MDC.PD2LMD25,MdiamCum25,11/20/2015 11:58:51 AM,11/24/2015 11:58:51 AM,MDSS01.LC03CALC.DG01EV02|1|1,0|1002,LMS_PD2
MDSS01.LC03MDC.PD2LMD50,MDiamCum50,11/20/2015 11:58:51 AM,11/24/2015 11:58:51 AM,MDSS01.LC03CALC.DG01EV02|1|1,0|1002,LMS_PD2
MDSS01.LC03MDC.PD2LMDMN,MdiamMeanSize,11/20/2015 11:58:51 AM,11/24/2015 11:58:51 AM,MDSS01.LC03CALC.DG01EV02|1|1,0|1002,LMS_PD2
MDSS01.LC03MDC.PD2LMDMS,MdiamMaxSize,11/20/2015 11:58:51 AM,11/24/2015 11:58:51 AM,MDSS01.LC03CALC.DG01EV02|1|1,0|1002,LMS_PD2
MDSS01.LC03MDC.PD2LMDSD,MdiamStdDev,11/20/2015 11:58:51 AM,11/24/2015 11:58:51 AM,MDSS01.LC03CALC.DG01EV02|1|1,0|1002,LMS_PD2
MDSS01.LC03MDC.PD2LMDXL,MDiamCum10,11/20/2015 11:58:51 AM,11/24/2015 11:58:51 AM,MDSS01.LC03CALC.DG01EV02|1|1,0|1002,LMS_PD2
MDSS01.LC03MDC.PD2LNAIR,NAVAIR,11/20/2015 11:58:51 AM,11/24/2015 11:58:51 AM,MDSS01.LC03CALC.DG01EV02|1|1,0|1002,LMS_PD2
MDSS01.LC03MDC.PD2LNAS,NAS,11/20/2015 11:58:51 AM,11/24/2015 11:58:51 AM,MDSS01.LC03CALC.DG01EV02|1|1,0|1002,LMS_PD2
MDSS01.LC03MDC.PD2LNS05,NAS 5 um,11/20/2015 11:58:51 AM,11/24/2015 11:58:51 AM,MDSS01.LC03CALC.DG01EV02|1|1,0|1002,LMS_PD2
MDSS01.LC03MDC.PD2LNS15,NAS 15 um,11/20/2015 11:58:51 AM,11/24/2015 11:58:51 AM,MDSS01.LC03CALC.DG01EV02|1|1,0|1002,LMS_PD2
MDSS01.LC03MDC.PD2LNS25,NAS 20 um,11/20/2015 11:58:51 AM,11/24/2015 11:58:51 AM,MDSS01.LC03CALC.DG01EV02|1|1,0|1002,LMS_PD2
MDSS01.LC03MDC.PD2LNS50,NAS 50 um,11/20/2015 11:58:51 AM,11/24/2015 11:58:51 AM,MDSS01.LC03CALC.DG01EV02|1|1,0|1002,LMS_PD2
MDSS01.LC03MDC.PD2LNSXL,NAS gt 100 um,11/20/2015 11:58:51 AM,11/24/2015 11:58:51 AM,MDSS01.LC03CALC.DG01EV02|1|1,0|1002,LMS_PD2
MDSS01.LC03MDC.PD2LNV05,NAV Code 5 um,11/20/2015 11:58:51 AM,11/24/2015 11:58:51 AM,MDSS01.LC03CALC.DG01EV02|1|1,0|1002,LMS_PD2
MDSS01.LC03MDC.PD2LNV15,NAV Code 15 um,11/20/2015 11:58:51 AM,11/24/2015 11:58:51 AM,MDSS01.LC03CALC.DG01EV02|1|1,0|1002,LMS_PD2
MDSS01.LC03MDC.PD2LNV25,NAV Code 20 um,11/20/2015 11:58:51 AM,11/24/2015 11:58:51 AM,MDSS01.LC03CALC.DG01EV02|1|1,0|1002,LMS_PD2
MDSS01.LC03MDC.PD2LNV50,NAV Code 50 um,11/20/2015 11:58:51 AM,11/24/2015 11:58:51 AM,MDSS01.LC03CALC.DG01EV02|1|1,0|1002,LMS_PD2
MDSS01.LC03MDC.PD2LNVXL,NAV Code gt 100 um,11/20/2015 11:58:51 AM,11/24/2015 11:58:51 AM,MDSS01.LC03CALC.DG01EV02|1|1,0|1002,LMS_PD2
MDSS01.LC03MDC.PD2LOC20,Other Cum 20 um,11/20/2015 11:58:51 AM,11/24/2015 11:58:51 AM,MDSS01.LC03CALC.DG01EV02|1|1,0|1002,LMS_PD2
MDSS01.LC03MDC.PD2LOC25,OtherCum25,11/20/2015 11:58:51 AM,11/24/2015 11:58:51 AM,MDSS01.LC03CALC.DG01EV02|1|1,0|1002,LMS_PD2
MDSS01.LC03MDC.PD2LOC50,OtherCum50,11/20/2015 11:58:51 AM,11/24/2015 11:58:51 AM,MDSS01.LC03CALC.DG01EV02|1|1,0|1002,LMS_PD2
MDSS01.LC03MDC.PD2LOCMN,OtherCntMean,11/20/2015 11:58:51 AM,11/24/2015 11:58:51 AM,MDSS01.LC03CALC.DG01EV02|1|1,0|1002,LMS_PD2
MDSS01.LC03MDC.PD2LOCMS,OtherMaxSize,11/20/2015 11:58:51 AM,11/24/2015 11:58:51 AM,MDSS01.LC03CALC.DG01EV02|1|1,0|1002,LMS_PD2
MDSS01.LC03MDC.PD2LOCSD,OtherCntStdDev,11/20/2015 11:58:51 AM,11/24/2015 11:58:51 AM,MDSS01.LC03CALC.DG01EV02|1|1,0|1002,LMS_PD2
MDSS01.LC03MDC.PD2LOCXL,OtherCum100,11/20/2015 11:58:51 AM,11/24/2015 11:58:51 AM,MDSS01.LC03CALC.DG01EV02|1|1,0|1002,LMS_PD2
MDSS01.LC03MDC.PD2LOX20,OxideCum20,11/20/2015 11:58:51 AM,11/24/2015 11:58:51 AM,MDSS01.LC03CALC.DG01EV02|1|1,0|1002,LMS_PD2
MDSS01.LC03MDC.PD2LOX25,OxideCum25,11/20/2015 11:58:51 AM,11/24/2015 11:58:51 AM,MDSS01.LC03CALC.DG01EV02|1|1,0|1002,LMS_PD2
MDSS01.LC03MDC.PD2LOX50,OxideCum50,11/20/2015 11:58:51 AM,11/24/2015 11:58:51 AM,MDSS01.LC03CALC.DG01EV02|1|1,0|1002,LMS_PD2
MDSS01.LC03MDC.PD2LOXMN,OxideCntMean,11/20/2015 11:58:51 AM,11/24/2015 11:58:51 AM,MDSS01.LC03CALC.DG01EV02|1|1,0|1002,LMS_PD2
MDSS01.LC03MDC.PD2LOXMS,OxideMaxSize,11/20/2015 11:58:51 AM,11/24/2015 11:58:51 AM,MDSS01.LC03CALC.DG01EV02|1|1,0|1002,LMS_PD2
MDSS01.LC03MDC.PD2LOXSD,OxideCntStdDev,11/20/2015 11:58:51 AM,11/24/2015 11:58:51 AM,MDSS01.LC03CALC.DG01EV02|1|1,0|1002,LMS_PD2
MDSS01.LC03MDC.PD2LOXXL,OxideCum100,11/20/2015 11:58:51 AM,11/24/2015 11:58:51 AM,MDSS01.LC03CALC.DG01EV02|1|1,0|1002,LMS_PD2
MDSS01.LC03MDC.PD2LSA04,SAE4,11/20/2015 11:58:51 AM,11/24/2015 11:58:51 AM,MDSS01.LC03CALC.DG01EV02|1|1,0|1002,LMS_PD2
MDSS01.LC03MDC.PD2LSA06,SAE6,11/20/2015 11:58:51 AM,11/24/2015 11:58:51 AM,MDSS01.LC03CALC.DG01EV02|1|1,0|1002,LMS_PD2
MDSS01.LC03MDC.PD2LSA14,SAE14,11/20/2015 11:58:51 AM,11/24/2015 11:58:51 AM,MDSS01.LC03CALC.DG01EV02|1|1,0|1002,LMS_PD2
MDSS01.LC03MDC.PD2LSA21,SAE21,11/20/2015 11:58:51 AM,11/24/2015 11:58:51 AM,MDSS01.LC03CALC.DG01EV02|1|1,0|1002,LMS_PD2
MDSS01.LC03MDC.PD2LSA38,SAE38,11/20/2015 11:58:51 AM,11/24/2015 11:58:51 AM,MDSS01.LC03CALC.DG01EV02|1|1,0|1002,LMS_PD2
MDSS01.LC03MDC.PD2LSA70,SAE70,11/20/2015 11:58:51 AM,11/24/2015 11:58:51 AM,MDSS01.LC03CALC.DG01EV02|1|1,0|1002,LMS_PD2
MDSS01.LC03MDC.PD2LSAE,SAE,11/20/2015 11:58:51 AM,11/24/2015 11:58:51 AM,MDSS01.LC03CALC.DG01EV02|1|1,0|1002,LMS_PD2
MDSS01.LC03MDC.PD2LSAEM,SAEmax,11/20/2015 11:58:51 AM,11/24/2015 11:58:51 AM,MDSS01.LC03CALC.DG01EV02|1|1,0|1002,LMS_PD2
MDSS01.LC03MDC.PD2LSC20,SlideCum20,11/20/2015 11:58:51 AM,11/24/2015 11:58:51 AM,MDSS01.LC03CALC.DG01EV02|1|1,0|1002,LMS_PD2
MDSS01.LC03MDC.PD2LSC25,SlideCum25,11/20/2015 11:58:51 AM,11/24/2015 11:58:51 AM,MDSS01.LC03CALC.DG01EV02|1|1,0|1002,LMS_PD2
MDSS01.LC03MDC.PD2LSC50,SlideCum50,11/20/2015 11:58:51 AM,11/24/2015 11:58:51 AM,MDSS01.LC03CALC.DG01EV02|1|1,0|1002,LMS_PD2
MDSS01.LC03MDC.PD2LSCMN,SlideCntMean,11/20/2015 11:58:51 AM,11/24/2015 11:58:51 AM,MDSS01.LC03CALC.DG01EV02|1|1,0|1002,LMS_PD2
MDSS01.LC03MDC.PD2LSCMS,SlideMaxSize,11/20/2015 11:58:51 AM,11/24/2015 11:58:51 AM,MDSS01.LC03CALC.DG01EV02|1|1,0|1002,LMS_PD2
MDSS01.LC03MDC.PD2LSCSD,SlideCntStdDev,11/20/2015 11:58:51 AM,11/24/2015 11:58:51 AM,MDSS01.LC03CALC.DG01EV02|1|1,0|1002,LMS_PD2
MDSS01.LC03MDC.PD2LSCXL,SlideCum100,11/20/2015 11:58:51 AM,11/24/2015 11:58:51 AM,MDSS01.LC03CALC.DG01EV02|1|1,0|1002,LMS_PD2
MDSS01.LC03MDC.PD2LSOOT,PctSoot,11/20/2015 11:58:51 AM,11/24/2015 11:58:51 AM,MDSS01.LC03CALC.DG01EV02|1|1,0|1002,LMS_PD2
MDSS01.LC03MDC.PD2LT_IN,Temp IN,11/20/2015 11:58:51 AM,11/24/2015 11:58:51 AM,MDSS01.LC03CALC.DG01EV02|1|1,0|1002,LMS_PD2
MDSS01.LC03MDC.PD2LT_OU,Temp Out,11/20/2015 11:58:51 AM,11/24/2015 11:58:51 AM,MDSS01.LC03CALC.DG01EV02|1|1,0|1002,LMS_PD2
MDSS01.LC03MDC.PD2LUC_1,User Count 1,11/20/2015 11:58:51 AM,11/24/2015 11:58:51 AM,MDSS01.LC03CALC.DG01EV02|1|1,0|1002,LMS_PD2
MDSS01.LC03MDC.PD2LUC_2,User Count 2,11/20/2015 11:58:51 AM,11/24/2015 11:58:51 AM,MDSS01.LC03CALC.DG01EV02|1|1,0|1002,LMS_PD2
MDSS01.LC03MDC.PD2LUC_3,User Count 3,11/20/2015 11:58:51 AM,11/24/2015 11:58:51 AM,MDSS01.LC03CALC.DG01EV02|1|1,0|1002,LMS_PD2
MDSS01.LC03MDC.PD2LUC_4,User Count 4,11/20/2015 11:58:51 AM,11/24/2015 11:58:51 AM,MDSS01.LC03CALC.DG01EV02|1|1,0|1002,LMS_PD2
MDSS01.LC03MDC.PD2LUC_5,User Count 5,11/20/2015 11:58:51 AM,11/24/2015 11:58:51 AM,MDSS01.LC03CALC.DG01EV02|1|1,0|1002,LMS_PD2
MDSS01.LC03MDC.PD2LUC_6,User Count 6,11/20/2015 11:58:51 AM,11/24/2015 11:58:51 AM,MDSS01.LC03CALC.DG01EV02|1|1,0|1002,LMS_PD2
MDSS01.LC03MDC.PD2LUS_1,User Size 1,11/20/2015 11:58:51 AM,11/24/2015 11:58:51 AM,MDSS01.LC03CALC.DG01EV02|1|1,0|1002,LMS_PD2
MDSS01.LC03MDC.PD2LUS_2,User Size 2,11/20/2015 11:58:51 AM,11/24/2015 11:58:51 AM,MDSS01.LC03CALC.DG01EV02|1|1,0|1002,LMS_PD2
MDSS01.LC03MDC.PD2LUS_3,User Size 3,11/20/2015 11:58:51 AM,11/24/2015 11:58:51 AM,MDSS01.LC03CALC.DG01EV02|1|1,0|1002,LMS_PD2
MDSS01.LC03MDC.PD2LUS_4,User Size 4,11/20/2015 11:58:51 AM,11/24/2015 11:58:51 AM,MDSS01.LC03CALC.DG01EV02|1|1,0|1002,LMS_PD2
MDSS01.LC03MDC.PD2LUS_5,User Size 5,11/20/2015 11:58:51 AM,11/24/2015 11:58:51 AM,MDSS01.LC03CALC.DG01EV02|1|1,0|1002,LMS_PD2
MDSS01.LC03MDC.PD2LUS_6,User Size 6,11/20/2015 11:58:51 AM,11/24/2015 11:58:51 AM,MDSS01.LC03CALC.DG01EV02|1|1,0|1002,LMS_PD2
MDSS01.LC03MDC.PD2LVISC,Viscosity40C,11/20/2015 11:58:51 AM,11/24/2015 11:58:51 AM,MDSS01.LC03CALC.DG01EV02|1|1,0|1002,LMS_PD2
MDSS01.LC03MDC.PD2LWBIN,WearBin,11/20/2015 11:58:51 AM,11/24/2015 11:58:51 AM,MDSS01.LC03CALC.DG01EV02|1|1,0|1002,LMS_PD2
MDSS01.LC03MDC.PD2LWD20,Water Drop 20 um,11/20/2015 11:58:51 AM,11/24/2015 11:58:51 AM,MDSS01.LC03CALC.DG01EV02|1|1,0|1002,LMS_PD2
MDSS01.LC03MDC.PD2LWD21,Water Drop 21 um,11/20/2015 11:58:51 AM,11/24/2015 11:58:51 AM,MDSS01.LC03CALC.DG01EV02|1|1,0|1002,LMS_PD2
MDSS01.LC03MDC.PD2LWD25,Water Drop 25 um,11/20/2015 11:58:51 AM,11/24/2015 11:58:51 AM,MDSS01.LC03CALC.DG01EV02|1|1,0|1002,LMS_PD2
MDSS01.LC03MDC.PD2LWD38,Water Drop 38 um,11/20/2015 11:58:51 AM,11/24/2015 11:58:51 AM,MDSS01.LC03CALC.DG01EV02|1|1,0|1002,LMS_PD2
MDSS01.LC03MDC.PD2LWD50,Water Drop 50 um,11/20/2015 11:58:51 AM,11/24/2015 11:58:51 AM,MDSS01.LC03CALC.DG01EV02|1|1,0|1002,LMS_PD2
MDSS01.LC03MDC.PD2LWD70,Water Drop 70 um,11/20/2015 11:58:51 AM,11/24/2015 11:58:51 AM,MDSS01.LC03CALC.DG01EV02|1|1,0|1002,LMS_PD2
MDSS01.LC03MDC.PD2LWDXL,Water Drop 100 um,11/20/2015 11:58:51 AM,11/24/2015 11:58:51 AM,MDSS01.LC03CALC.DG01EV02|1|1,0|1002,LMS_PD2
MDSS01.LC03MDC.PD2LWPPM,WaterIndex,11/20/2015 11:58:51 AM,11/24/2015 11:58:51 AM,MDSS01.LC03CALC.DG01EV02|1|1,0|1002,LMS_PD2
MDSS01.LC03MDC.WJ1L_STA,Status,11/20/2015 11:58:51 AM,11/24/2015 11:58:51 AM,MDSS01.LC03CALC.DG01EV02|1|1,0|1002,LMS_WJ1
MDSS01.LC03MDC.WJ1L_FLW,Flow Rate,11/20/2015 11:58:51 AM,11/24/2015 11:58:51 AM,MDSS01.LC03CALC.DG01EV02|1|1,0|1002,LMS_WJ1
MDSS01.LC03MDC.WJ1L_LFR,Last Flow Rate,11/20/2015 11:58:51 AM,11/24/2015 11:58:51 AM,MDSS01.LC03CALC.DG01EV02|1|1,0|1002,LMS_WJ1
MDSS01.LC03MDC.WJ1L_LKV,Leak Value,11/20/2015 11:58:51 AM,11/24/2015 11:58:51 AM,MDSS01.LC03CALC.DG01EV02|1|1,0|1002,LMS_WJ1
MDSS01.LC03MDC.WJ1L_MEM,Memory Usage,11/20/2015 11:58:51 AM,11/24/2015 11:58:51 AM,MDSS01.LC03CALC.DG01EV02|1|1,0|1002,LMS_WJ1
MDSS01.LC03MDC.WJ1L_MN,Mean,11/20/2015 11:58:51 AM,11/24/2015 11:58:51 AM,MDSS01.LC03CALC.DG01EV02|1|1,0|1002,LMS_WJ1
MDSS01.LC03MDC.WJ1L_MNR,Mean Ratio,11/20/2015 11:58:51 AM,11/24/2015 11:58:51 AM,MDSS01.LC03CALC.DG01EV02|1|1,0|1002,LMS_WJ1
MDSS01.LC03MDC.WJ1L_PON,Pump On,11/20/2015 11:58:51 AM,11/24/2015 11:58:51 AM,MDSS01.LC03CALC.DG01EV02|1|1,0|1002,LMS_WJ1
MDSS01.LC03MDC.WJ1L_SEG,Segment Type,11/20/2015 11:58:51 AM,11/24/2015 11:58:51 AM,MDSS01.LC03CALC.DG01EV02|1|1,0|1002,LMS_WJ1
MDSS01.LC03MDC.WJ1LAB20,Air Bubble 20 um,11/20/2015 11:58:51 AM,11/24/2015 11:58:51 AM,MDSS01.LC03CALC.DG01EV02|1|1,0|1002,LMS_WJ1
MDSS01.LC03MDC.WJ1LAB21,Air Bubble 21 um,11/20/2015 11:58:51 AM,11/24/2015 11:58:51 AM,MDSS01.LC03CALC.DG01EV02|1|1,0|1002,LMS_WJ1
MDSS01.LC03MDC.WJ1LAB25,Air Bubble 25 um,11/20/2015 11:58:51 AM,11/24/2015 11:58:51 AM,MDSS01.LC03CALC.DG01EV02|1|1,0|1002,LMS_WJ1
MDSS01.LC03MDC.WJ1LAB38,Air Bubble 38 um,11/20/2015 11:58:51 AM,11/24/2015 11:58:51 AM,MDSS01.LC03CALC.DG01EV02|1|1,0|1002,LMS_WJ1
MDSS01.LC03MDC.WJ1LAB50,Air Bubble 50 um,11/20/2015 11:58:51 AM,11/24/2015 11:58:51 AM,MDSS01.LC03CALC.DG01EV02|1|1,0|1002,LMS_WJ1
MDSS01.LC03MDC.WJ1LAB70,Air Bubble 70 um,11/20/2015 11:58:51 AM,11/24/2015 11:58:51 AM,MDSS01.LC03CALC.DG01EV02|1|1,0|1002,LMS_WJ1
MDSS01.LC03MDC.WJ1LABXL,Air Bubble 100 um,11/20/2015 11:58:51 AM,11/24/2015 11:58:51 AM,MDSS01.LC03CALC.DG01EV02|1|1,0|1002,LMS_WJ1
MDSS01.LC03MDC.WJ1LBSW,BSW,11/20/2015 11:58:51 AM,11/24/2015 11:58:51 AM,MDSS01.LC03CALC.DG01EV02|1|1,0|1002,LMS_WJ1
MDSS01.LC03MDC.WJ1LBTEC,BIT ERROR CODE,11/20/2015 11:58:51 AM,11/24/2015 11:58:51 AM,MDSS01.LC03CALC.DG01EV02|1|1,0|1002,LMS_WJ1
MDSS01.LC03MDC.WJ1LBTST,LNF Run State,11/20/2015 11:58:51 AM,11/24/2015 11:58:51 AM,MDSS01.LC03CALC.DG01EV02|1|1,0|1002,LMS_WJ1
MDSS01.LC03MDC.WJ1LCC20,CutCum20,11/20/2015 11:58:51 AM,11/24/2015 11:58:51 AM,MDSS01.LC03CALC.DG01EV02|1|1,0|1002,LMS_WJ1
MDSS01.LC03MDC.WJ1LCC25,CutCum25,11/20/2015 11:58:51 AM,11/24/2015 11:58:51 AM,MDSS01.LC03CALC.DG01EV02|1|1,0|1002,LMS_WJ1
MDSS01.LC03MDC.WJ1LCC50,CutCum50,11/20/2015 11:58:51 AM,11/24/2015 11:58:51 AM,MDSS01.LC03CALC.DG01EV02|1|1,0|1002,LMS_WJ1
MDSS01.LC03MDC.WJ1LCCMN,CutCntMean,11/20/2015 11:58:51 AM,11/24/2015 11:58:51 AM,MDSS01.LC03CALC.DG01EV02|1|1,0|1002,LMS_WJ1
MDSS01.LC03MDC.WJ1LCCMS,CutMaxSize,11/20/2015 11:58:51 AM,11/24/2015 11:58:51 AM,MDSS01.LC03CALC.DG01EV02|1|1,0|1002,LMS_WJ1
MDSS01.LC03MDC.WJ1LCCSD,CutCntStdDev,11/20/2015 11:58:51 AM,11/24/2015 11:58:51 AM,MDSS01.LC03CALC.DG01EV02|1|1,0|1002,LMS_WJ1
MDSS01.LC03MDC.WJ1LCCXL,CutCum100,11/20/2015 11:58:51 AM,11/24/2015 11:58:51 AM,MDSS01.LC03CALC.DG01EV02|1|1,0|1002,LMS_WJ1
MDSS01.LC03MDC.WJ1LCD04,CDiamCum4,11/20/2015 11:58:51 AM,11/24/2015 11:58:51 AM,MDSS01.LC03CALC.DG01EV02|1|1,0|1002,LMS_WJ1
MDSS01.LC03MDC.WJ1LCD05,CdiamCum5,11/20/2015 11:58:51 AM,11/24/2015 11:58:51 AM,MDSS01.LC03CALC.DG01EV02|1|1,0|1002,LMS_WJ1
MDSS01.LC03MDC.WJ1LCD06,CdiamCum6,11/20/2015 11:58:51 AM,11/24/2015 11:58:51 AM,MDSS01.LC03CALC.DG01EV02|1|1,0|1002,LMS_WJ1
MDSS01.LC03MDC.WJ1LCD10,CdiamCum10,11/20/2015 11:58:51 AM,11/24/2015 11:58:51 AM,MDSS01.LC03CALC.DG01EV02|1|1,0|1002,LMS_WJ1
MDSS01.LC03MDC.WJ1LCD14,CdiamCum14,11/20/2015 11:58:51 AM,11/24/2015 11:58:51 AM,MDSS01.LC03CALC.DG01EV02|1|1,0|1002,LMS_WJ1
MDSS01.LC03MDC.WJ1LCD15,CdiamCum15,11/20/2015 11:58:51 AM,11/24/2015 11:58:51 AM,MDSS01.LC03CALC.DG01EV02|1|1,0|1002,LMS_WJ1
MDSS01.LC03MDC.WJ1LCD20,CdiamCum20,11/20/2015 11:58:51 AM,11/24/2015 11:58:51 AM,MDSS01.LC03CALC.DG01EV02|1|1,0|1002,LMS_WJ1
MDSS01.LC03MDC.WJ1LCD21,CdiamCum21,11/20/2015 11:58:51 AM,11/24/2015 11:58:51 AM,MDSS01.LC03CALC.DG01EV02|1|1,0|1002,LMS_WJ1
MDSS01.LC03MDC.WJ1LCD25,CdiamCum25,11/20/2015 11:58:51 AM,11/24/2015 11:58:51 AM,MDSS01.LC03CALC.DG01EV02|1|1,0|1002,LMS_WJ1
MDSS01.LC03MDC.WJ1LCD38,CdiamCum38,11/20/2015 11:58:51 AM,11/24/2015 11:58:51 AM,MDSS01.LC03CALC.DG01EV02|1|1,0|1002,LMS_WJ1
MDSS01.LC03MDC.WJ1LCD50,CdiamCum50,11/20/2015 11:58:51 AM,11/24/2015 11:58:51 AM,MDSS01.LC03CALC.DG01EV02|1|1,0|1002,LMS_WJ1
MDSS01.LC03MDC.WJ1LCD70,CdiamCum70,11/20/2015 11:58:51 AM,11/24/2015 11:58:51 AM,MDSS01.LC03CALC.DG01EV02|1|1,0|1002,LMS_WJ1
MDSS01.LC03MDC.WJ1LCDXL,CdiamCum10,11/20/2015 11:58:51 AM,11/24/2015 11:58:51 AM,MDSS01.LC03CALC.DG01EV02|1|1,0|1002,LMS_WJ1
MDSS01.LC03MDC.WJ1LCFD,CFD,11/20/2015 11:58:51 AM,11/24/2015 11:58:51 AM,MDSS01.LC03CALC.DG01EV02|1|1,0|1002,LMS_WJ1
MDSS01.LC03MDC.WJ1LCHRN,CameraGain,11/20/2015 11:58:51 AM,11/24/2015 11:58:51 AM,MDSS01.LC03CALC.DG01EV02|1|1,0|1002,LMS_WJ1
MDSS01.LC03MDC.WJ1LFC20,FatCum20,11/20/2015 11:58:51 AM,11/24/2015 11:58:51 AM,MDSS01.LC03CALC.DG01EV02|1|1,0|1002,LMS_WJ1
MDSS01.LC03MDC.WJ1LFC25,FatCum25,11/20/2015 11:58:51 AM,11/24/2015 11:58:51 AM,MDSS01.LC03CALC.DG01EV02|1|1,0|1002,LMS_WJ1
MDSS01.LC03MDC.WJ1LFC50,FatCum50,11/20/2015 11:58:51 AM,11/24/2015 11:58:51 AM,MDSS01.LC03CALC.DG01EV02|1|1,0|1002,LMS_WJ1
MDSS01.LC03MDC.WJ1LFCMN,FatCntMean,11/20/2015 11:58:51 AM,11/24/2015 11:58:51 AM,MDSS01.LC03CALC.DG01EV02|1|1,0|1002,LMS_WJ1
MDSS01.LC03MDC.WJ1LFCMS,FatMaxSize,11/20/2015 11:58:51 AM,11/24/2015 11:58:51 AM,MDSS01.LC03CALC.DG01EV02|1|1,0|1002,LMS_WJ1
MDSS01.LC03MDC.WJ1LFCSD,FatCntStdDev,11/20/2015 11:58:51 AM,11/24/2015 11:58:51 AM,MDSS01.LC03CALC.DG01EV02|1|1,0|1002,LMS_WJ1
MDSS01.LC03MDC.WJ1LFCXL,FatCum100,11/20/2015 11:58:51 AM,11/24/2015 11:58:51 AM,MDSS01.LC03CALC.DG01EV02|1|1,0|1002,LMS_WJ1
MDSS01.LC03MDC.WJ1LFIBE,Fibers,11/20/2015 11:58:51 AM,11/24/2015 11:58:51 AM,MDSS01.LC03CALC.DG01EV02|1|1,0|1002,LMS_WJ1
MDSS01.LC03MDC.WJ1LHAL,HAL,11/20/2015 11:58:51 AM,11/24/2015 11:58:51 AM,MDSS01.LC03CALC.DG01EV02|1|1,0|1002,LMS_WJ1
MDSS01.LC03MDC.WJ1LISO4,ISO4,11/20/2015 11:58:51 AM,11/24/2015 11:58:51 AM,MDSS01.LC03CALC.DG01EV02|1|1,0|1002,LMS_WJ1
MDSS01.LC03MDC.WJ1LISO6,ISO6,11/20/2015 11:58:51 AM,11/24/2015 11:58:51 AM,MDSS01.LC03CALC.DG01EV02|1|1,0|1002,LMS_WJ1
MDSS01.LC03MDC.WJ1LISOL,ISO14,11/20/2015 11:58:51 AM,11/24/2015 11:58:51 AM,MDSS01.LC03CALC.DG01EV02|1|1,0|1002,LMS_WJ1
MDSS01.LC03MDC.WJ1LMD05,MdiamCum5,11/20/2015 11:58:51 AM,11/24/2015 11:58:51 AM,MDSS01.LC03CALC.DG01EV02|1|1,0|1002,LMS_WJ1
MDSS01.LC03MDC.WJ1LMD10,MdiamCum10,11/20/2015 11:58:51 AM,11/24/2015 11:58:51 AM,MDSS01.LC03CALC.DG01EV02|1|1,0|1002,LMS_WJ1
MDSS01.LC03MDC.WJ1LMD15,MdiamCum15,11/20/2015 11:58:51 AM,11/24/2015 11:58:51 AM,MDSS01.LC03CALC.DG01EV02|1|1,0|1002,LMS_WJ1
MDSS01.LC03MDC.WJ1LMD20,MdiamCum20,11/20/2015 11:58:51 AM,11/24/2015 11:58:51 AM,MDSS01.LC03CALC.DG01EV02|1|1,0|1002,LMS_WJ1
MDSS01.LC03MDC.WJ1LMD25,MdiamCum25,11/20/2015 11:58:51 AM,11/24/2015 11:58:51 AM,MDSS01.LC03CALC.DG01EV02|1|1,0|1002,LMS_WJ1
MDSS01.LC03MDC.WJ1LMD50,MDiamCum50,11/20/2015 11:58:51 AM,11/24/2015 11:58:51 AM,MDSS01.LC03CALC.DG01EV02|1|1,0|1002,LMS_WJ1
MDSS01.LC03MDC.WJ1LMDMN,MdiamMeanSize,11/20/2015 11:58:51 AM,11/24/2015 11:58:51 AM,MDSS01.LC03CALC.DG01EV02|1|1,0|1002,LMS_WJ1
MDSS01.LC03MDC.WJ1LMDMS,MdiamMaxSize,11/20/2015 11:58:51 AM,11/24/2015 11:58:51 AM,MDSS01.LC03CALC.DG01EV02|1|1,0|1002,LMS_WJ1
MDSS01.LC03MDC.WJ1LMDSD,MdiamStdDev,11/20/2015 11:58:51 AM,11/24/2015 11:58:51 AM,MDSS01.LC03CALC.DG01EV02|1|1,0|1002,LMS_WJ1
MDSS01.LC03MDC.WJ1LMDXL,MDiamCum10,11/20/2015 11:58:51 AM,11/24/2015 11:58:51 AM,MDSS01.LC03CALC.DG01EV02|1|1,0|1002,LMS_WJ1
MDSS01.LC03MDC.WJ1LNAIR,NAVAIR,11/20/2015 11:58:51 AM,11/24/2015 11:58:51 AM,MDSS01.LC03CALC.DG01EV02|1|1,0|1002,LMS_WJ1
MDSS01.LC03MDC.WJ1LNAS,NAS,11/20/2015 11:58:51 AM,11/24/2015 11:58:51 AM,MDSS01.LC03CALC.DG01EV02|1|1,0|1002,LMS_WJ1
MDSS01.LC03MDC.WJ1LNS05,NAS 5 um,11/20/2015 11:58:51 AM,11/24/2015 11:58:51 AM,MDSS01.LC03CALC.DG01EV02|1|1,0|1002,LMS_WJ1
MDSS01.LC03MDC.WJ1LNS15,NAS 15 um,11/20/2015 11:58:51 AM,11/24/2015 11:58:51 AM,MDSS01.LC03CALC.DG01EV02|1|1,0|1002,LMS_WJ1
MDSS01.LC03MDC.WJ1LNS25,NAS 20 um,11/20/2015 11:58:51 AM,11/24/2015 11:58:51 AM,MDSS01.LC03CALC.DG01EV02|1|1,0|1002,LMS_WJ1
MDSS01.LC03MDC.WJ1LNS50,NAS 50 um,11/20/2015 11:58:51 AM,11/24/2015 11:58:51 AM,MDSS01.LC03CALC.DG01EV02|1|1,0|1002,LMS_WJ1
MDSS01.LC03MDC.WJ1LNSXL,NAS gt 100 um,11/20/2015 11:58:51 AM,11/24/2015 11:58:51 AM,MDSS01.LC03CALC.DG01EV02|1|1,0|1002,LMS_WJ1
MDSS01.LC03MDC.WJ1LNV05,NAV Code 5 um,11/20/2015 11:58:51 AM,11/24/2015 11:58:51 AM,MDSS01.LC03CALC.DG01EV02|1|1,0|1002,LMS_WJ1
MDSS01.LC03MDC.WJ1LNV15,NAV Code 15 um,11/20/2015 11:58:51 AM,11/24/2015 11:58:51 AM,MDSS01.LC03CALC.DG01EV02|1|1,0|1002,LMS_WJ1
MDSS01.LC03MDC.WJ1LNV25,NAV Code 20 um,11/20/2015 11:58:51 AM,11/24/2015 11:58:51 AM,MDSS01.LC03CALC.DG01EV02|1|1,0|1002,LMS_WJ1
MDSS01.LC03MDC.WJ1LNV50,NAV Code 50 um,11/20/2015 11:58:51 AM,11/24/2015 11:58:51 AM,MDSS01.LC03CALC.DG01EV02|1|1,0|1002,LMS_WJ1
MDSS01.LC03MDC.WJ1LNVXL,NAV Code gt 100 um,11/20/2015 11:58:51 AM,11/24/2015 11:58:51 AM,MDSS01.LC03CALC.DG01EV02|1|1,0|1002,LMS_WJ1
MDSS01.LC03MDC.WJ1LOC20,Other Cum 20 um,11/20/2015 11:58:51 AM,11/24/2015 11:58:51 AM,MDSS01.LC03CALC.DG01EV02|1|1,0|1002,LMS_WJ1
MDSS01.LC03MDC.WJ1LOC25,OtherCum25,11/20/2015 11:58:51 AM,11/24/2015 11:58:51 AM,MDSS01.LC03CALC.DG01EV02|1|1,0|1002,LMS_WJ1
MDSS01.LC03MDC.WJ1LOC50,OtherCum50,11/20/2015 11:58:51 AM,11/24/2015 11:58:51 AM,MDSS01.LC03CALC.DG01EV02|1|1,0|1002,LMS_WJ1
MDSS01.LC03MDC.WJ1LOCMN,OtherCntMean,11/20/2015 11:58:51 AM,11/24/2015 11:58:51 AM,MDSS01.LC03CALC.DG01EV02|1|1,0|1002,LMS_WJ1
MDSS01.LC03MDC.WJ1LOCMS,OtherMaxSize,11/20/2015 11:58:51 AM,11/24/2015 11:58:51 AM,MDSS01.LC03CALC.DG01EV02|1|1,0|1002,LMS_WJ1
MDSS01.LC03MDC.WJ1LOCSD,OtherCntStdDev,11/20/2015 11:58:51 AM,11/24/2015 11:58:51 AM,MDSS01.LC03CALC.DG01EV02|1|1,0|1002,LMS_WJ1
MDSS01.LC03MDC.WJ1LOCXL,OtherCum100,11/20/2015 11:58:51 AM,11/24/2015 11:58:51 AM,MDSS01.LC03CALC.DG01EV02|1|1,0|1002,LMS_WJ1
MDSS01.LC03MDC.WJ1LOX20,OxideCum20,11/20/2015 11:58:51 AM,11/24/2015 11:58:51 AM,MDSS01.LC03CALC.DG01EV02|1|1,0|1002,LMS_WJ1
MDSS01.LC03MDC.WJ1LOX25,OxideCum25,11/20/2015 11:58:51 AM,11/24/2015 11:58:51 AM,MDSS01.LC03CALC.DG01EV02|1|1,0|1002,LMS_WJ1
MDSS01.LC03MDC.WJ1LOX50,OxideCum50,11/20/2015 11:58:51 AM,11/24/2015 11:58:51 AM,MDSS01.LC03CALC.DG01EV02|1|1,0|1002,LMS_WJ1
MDSS01.LC03MDC.WJ1LOXMN,OxideCntMean,11/20/2015 11:58:51 AM,11/24/2015 11:58:51 AM,MDSS01.LC03CALC.DG01EV02|1|1,0|1002,LMS_WJ1
MDSS01.LC03MDC.WJ1LOXMS,OxideMaxSize,11/20/2015 11:58:51 AM,11/24/2015 11:58:51 AM,MDSS01.LC03CALC.DG01EV02|1|1,0|1002,LMS_WJ1
MDSS01.LC03MDC.WJ1LOXSD,OxideCntStdDev,11/20/2015 11:58:51 AM,11/24/2015 11:58:51 AM,MDSS01.LC03CALC.DG01EV02|1|1,0|1002,LMS_WJ1
MDSS01.LC03MDC.WJ1LOXXL,OxideCum100,11/20/2015 11:58:51 AM,11/24/2015 11:58:51 AM,MDSS01.LC03CALC.DG01EV02|1|1,0|1002,LMS_WJ1
MDSS01.LC03MDC.WJ1LSA04,SAE4,11/20/2015 11:58:51 AM,11/24/2015 11:58:51 AM,MDSS01.LC03CALC.DG01EV02|1|1,0|1002,LMS_WJ1
MDSS01.LC03MDC.WJ1LSA06,SAE6,11/20/2015 11:58:51 AM,11/24/2015 11:58:51 AM,MDSS01.LC03CALC.DG01EV02|1|1,0|1002,LMS_WJ1
MDSS01.LC03MDC.WJ1LSA14,SAE14,11/20/2015 11:58:51 AM,11/24/2015 11:58:51 AM,MDSS01.LC03CALC.DG01EV02|1|1,0|1002,LMS_WJ1
MDSS01.LC03MDC.WJ1LSA21,SAE21,11/20/2015 11:58:51 AM,11/24/2015 11:58:51 AM,MDSS01.LC03CALC.DG01EV02|1|1,0|1002,LMS_WJ1
MDSS01.LC03MDC.WJ1LSA38,SAE38,11/20/2015 11:58:51 AM,11/24/2015 11:58:51 AM,MDSS01.LC03CALC.DG01EV02|1|1,0|1002,LMS_WJ1
MDSS01.LC03MDC.WJ1LSA70,SAE70,11/20/2015 11:58:51 AM,11/24/2015 11:58:51 AM,MDSS01.LC03CALC.DG01EV02|1|1,0|1002,LMS_WJ1
MDSS01.LC03MDC.WJ1LSAE,SAE,11/20/2015 11:58:51 AM,11/24/2015 11:58:51 AM,MDSS01.LC03CALC.DG01EV02|1|1,0|1002,LMS_WJ1
MDSS01.LC03MDC.WJ1LSAEM,SAEmax,11/20/2015 11:58:51 AM,11/24/2015 11:58:51 AM,MDSS01.LC03CALC.DG01EV02|1|1,0|1002,LMS_WJ1
MDSS01.LC03MDC.WJ1LSC20,SlideCum20,11/20/2015 11:58:51 AM,11/24/2015 11:58:51 AM,MDSS01.LC03CALC.DG01EV02|1|1,0|1002,LMS_WJ1
MDSS01.LC03MDC.WJ1LSC25,SlideCum25,11/20/2015 11:58:51 AM,11/24/2015 11:58:51 AM,MDSS01.LC03CALC.DG01EV02|1|1,0|1002,LMS_WJ1
MDSS01.LC03MDC.WJ1LSC50,SlideCum50,11/20/2015 11:58:51 AM,11/24/2015 11:58:51 AM,MDSS01.LC03CALC.DG01EV02|1|1,0|1002,LMS_WJ1
MDSS01.LC03MDC.WJ1LSCMN,SlideCntMean,11/20/2015 11:58:51 AM,11/24/2015 11:58:51 AM,MDSS01.LC03CALC.DG01EV02|1|1,0|1002,LMS_WJ1
MDSS01.LC03MDC.WJ1LSCMS,SlideMaxSize,11/20/2015 11:58:51 AM,11/24/2015 11:58:51 AM,MDSS01.LC03CALC.DG01EV02|1|1,0|1002,LMS_WJ1
MDSS01.LC03MDC.WJ1LSCSD,SlideCntStdDev,11/20/2015 11:58:51 AM,11/24/2015 11:58:51 AM,MDSS01.LC03CALC.DG01EV02|1|1,0|1002,LMS_WJ1
MDSS01.LC03MDC.WJ1LSCXL,SlideCum100,11/20/2015 11:58:51 AM,11/24/2015 11:58:51 AM,MDSS01.LC03CALC.DG01EV02|1|1,0|1002,LMS_WJ1
MDSS01.LC03MDC.WJ1LSOOT,PctSoot,11/20/2015 11:58:51 AM,11/24/2015 11:58:51 AM,MDSS01.LC03CALC.DG01EV02|1|1,0|1002,LMS_WJ1
MDSS01.LC03MDC.WJ1LT_IN,Temp IN,11/20/2015 11:58:51 AM,11/24/2015 11:58:51 AM,MDSS01.LC03CALC.DG01EV02|1|1,0|1002,LMS_WJ1
MDSS01.LC03MDC.WJ1LT_OU,Temp Out,11/20/2015 11:58:51 AM,11/24/2015 11:58:51 AM,MDSS01.LC03CALC.DG01EV02|1|1,0|1002,LMS_WJ1
MDSS01.LC03MDC.WJ1LUC_1,User Count 1,11/20/2015 11:58:51 AM,11/24/2015 11:58:51 AM,MDSS01.LC03CALC.DG01EV02|1|1,0|1002,LMS_WJ1
MDSS01.LC03MDC.WJ1LUC_2,User Count 2,11/20/2015 11:58:51 AM,11/24/2015 11:58:51 AM,MDSS01.LC03CALC.DG01EV02|1|1,0|1002,LMS_WJ1
MDSS01.LC03MDC.WJ1LUC_3,User Count 3,11/20/2015 11:58:51 AM,11/24/2015 11:58:51 AM,MDSS01.LC03CALC.DG01EV02|1|1,0|1002,LMS_WJ1
MDSS01.LC03MDC.WJ1LUC_4,User Count 4,11/20/2015 11:58:51 AM,11/24/2015 11:58:51 AM,MDSS01.LC03CALC.DG01EV02|1|1,0|1002,LMS_WJ1
MDSS01.LC03MDC.WJ1LUC_5,User Count 5,11/20/2015 11:58:51 AM,11/24/2015 11:58:51 AM,MDSS01.LC03CALC.DG01EV02|1|1,0|1002,LMS_WJ1
MDSS01.LC03MDC.WJ1LUC_6,User Count 6,11/20/2015 11:58:51 AM,11/24/2015 11:58:51 AM,MDSS01.LC03CALC.DG01EV02|1|1,0|1002,LMS_WJ1
MDSS01.LC03MDC.WJ1LUS_1,User Size 1,11/20/2015 11:58:51 AM,11/24/2015 11:58:51 AM,MDSS01.LC03CALC.DG01EV02|1|1,0|1002,LMS_WJ1
MDSS01.LC03MDC.WJ1LUS_2,User Size 2,11/20/2015 11:58:51 AM,11/24/2015 11:58:51 AM,MDSS01.LC03CALC.DG01EV02|1|1,0|1002,LMS_WJ1
MDSS01.LC03MDC.WJ1LUS_3,User Size 3,11/20/2015 11:58:51 AM,11/24/2015 11:58:51 AM,MDSS01.LC03CALC.DG01EV02|1|1,0|1002,LMS_WJ1
MDSS01.LC03MDC.WJ1LUS_4,User Size 4,11/20/2015 11:58:51 AM,11/24/2015 11:58:51 AM,MDSS01.LC03CALC.DG01EV02|1|1,0|1002,LMS_WJ1
MDSS01.LC03MDC.WJ1LUS_5,User Size 5,11/20/2015 11:58:51 AM,11/24/2015 11:58:51 AM,MDSS01.LC03CALC.DG01EV02|1|1,0|1002,LMS_WJ1
MDSS01.LC03MDC.WJ1LUS_6,User Size 6,11/20/2015 11:58:51 AM,11/24/2015 11:58:51 AM,MDSS01.LC03CALC.DG01EV02|1|1,0|1002,LMS_WJ1
MDSS01.LC03MDC.WJ1LVISC,Viscosity40C,11/20/2015 11:58:51 AM,11/24/2015 11:58:51 AM,MDSS01.LC03CALC.DG01EV02|1|1,0|1002,LMS_WJ1
MDSS01.LC03MDC.WJ1LWBIN,WearBin,11/20/2015 11:58:51 AM,11/24/2015 11:58:51 AM,MDSS01.LC03CALC.DG01EV02|1|1,0|1002,LMS_WJ1
MDSS01.LC03MDC.WJ1LWD20,Water Drop 20 um,11/20/2015 11:58:51 AM,11/24/2015 11:58:51 AM,MDSS01.LC03CALC.DG01EV02|1|1,0|1002,LMS_WJ1
MDSS01.LC03MDC.WJ1LWD21,Water Drop 21 um,11/20/2015 11:58:51 AM,11/24/2015 11:58:51 AM,MDSS01.LC03CALC.DG01EV02|1|1,0|1002,LMS_WJ1
MDSS01.LC03MDC.WJ1LWD25,Water Drop 25 um,11/20/2015 11:58:51 AM,11/24/2015 11:58:51 AM,MDSS01.LC03CALC.DG01EV02|1|1,0|1002,LMS_WJ1
MDSS01.LC03MDC.WJ1LWD38,Water Drop 38 um,11/20/2015 11:58:51 AM,11/24/2015 11:58:51 AM,MDSS01.LC03CALC.DG01EV02|1|1,0|1002,LMS_WJ1
MDSS01.LC03MDC.WJ1LWD50,Water Drop 50 um,11/20/2015 11:58:51 AM,11/24/2015 11:58:51 AM,MDSS01.LC03CALC.DG01EV02|1|1,0|1002,LMS_WJ1
MDSS01.LC03MDC.WJ1LWD70,Water Drop 70 um,11/20/2015 11:58:51 AM,11/24/2015 11:58:51 AM,MDSS01.LC03CALC.DG01EV02|1|1,0|1002,LMS_WJ1
MDSS01.LC03MDC.WJ1LWDXL,Water Drop 100 um,11/20/2015 11:58:51 AM,11/24/2015 11:58:51 AM,MDSS01.LC03CALC.DG01EV02|1|1,0|1002,LMS_WJ1
MDSS01.LC03MDC.WJ1LWPPM,WaterIndex,11/20/2015 11:58:51 AM,11/24/2015 11:58:51 AM,MDSS01.LC03CALC.DG01EV02|1|1,0|1002,LMS_WJ1
MDSS01.LC03MDC.WJ2L_STA,Status,11/20/2015 11:58:51 AM,11/24/2015 11:58:51 AM,MDSS01.LC03CALC.DG01EV02|1|1,0|1002,LMS_WJ2
MDSS01.LC03MDC.WJ2L_FLW,Flow Rate,11/20/2015 11:58:51 AM,11/24/2015 11:58:51 AM,MDSS01.LC03CALC.DG01EV02|1|1,0|1002,LMS_WJ2
MDSS01.LC03MDC.WJ2L_LFR,Last Flow Rate,11/20/2015 11:58:51 AM,11/24/2015 11:58:51 AM,MDSS01.LC03CALC.DG01EV02|1|1,0|1002,LMS_WJ2
MDSS01.LC03MDC.WJ2L_LKV,Leak Value,11/20/2015 11:58:51 AM,11/24/2015 11:58:51 AM,MDSS01.LC03CALC.DG01EV02|1|1,0|1002,LMS_WJ2
MDSS01.LC03MDC.WJ2L_MEM,Memory Usage,11/20/2015 11:58:51 AM,11/24/2015 11:58:51 AM,MDSS01.LC03CALC.DG01EV02|1|1,0|1002,LMS_WJ2
MDSS01.LC03MDC.WJ2L_MN,Mean,11/20/2015 11:58:51 AM,11/24/2015 11:58:51 AM,MDSS01.LC03CALC.DG01EV02|1|1,0|1002,LMS_WJ2
MDSS01.LC03MDC.WJ2L_MNR,Mean Ratio,11/20/2015 11:58:51 AM,11/24/2015 11:58:51 AM,MDSS01.LC03CALC.DG01EV02|1|1,0|1002,LMS_WJ2
MDSS01.LC03MDC.WJ2L_PON,Pump On,11/20/2015 11:58:51 AM,11/24/2015 11:58:51 AM,MDSS01.LC03CALC.DG01EV02|1|1,0|1002,LMS_WJ2
MDSS01.LC03MDC.WJ2L_SEG,Segment Type,11/20/2015 11:58:51 AM,11/24/2015 11:58:51 AM,MDSS01.LC03CALC.DG01EV02|1|1,0|1002,LMS_WJ2
MDSS01.LC03MDC.WJ2LAB20,Air Bubble 20 um,11/20/2015 11:58:51 AM,11/24/2015 11:58:51 AM,MDSS01.LC03CALC.DG01EV02|1|1,0|1002,LMS_WJ2
MDSS01.LC03MDC.WJ2LAB21,Air Bubble 21 um,11/20/2015 11:58:51 AM,11/24/2015 11:58:51 AM,MDSS01.LC03CALC.DG01EV02|1|1,0|1002,LMS_WJ2
MDSS01.LC03MDC.WJ2LAB25,Air Bubble 25 um,11/20/2015 11:58:51 AM,11/24/2015 11:58:51 AM,MDSS01.LC03CALC.DG01EV02|1|1,0|1002,LMS_WJ2
MDSS01.LC03MDC.WJ2LAB38,Air Bubble 38 um,11/20/2015 11:58:51 AM,11/24/2015 11:58:51 AM,MDSS01.LC03CALC.DG01EV02|1|1,0|1002,LMS_WJ2
MDSS01.LC03MDC.WJ2LAB50,Air Bubble 50 um,11/20/2015 11:58:51 AM,11/24/2015 11:58:51 AM,MDSS01.LC03CALC.DG01EV02|1|1,0|1002,LMS_WJ2
MDSS01.LC03MDC.WJ2LAB70,Air Bubble 70 um,11/20/2015 11:58:51 AM,11/24/2015 11:58:51 AM,MDSS01.LC03CALC.DG01EV02|1|1,0|1002,LMS_WJ2
MDSS01.LC03MDC.WJ2LABXL,Air Bubble 100 um,11/20/2015 11:58:51 AM,11/24/2015 11:58:51 AM,MDSS01.LC03CALC.DG01EV02|1|1,0|1002,LMS_WJ2
MDSS01.LC03MDC.WJ2LBSW,BSW,11/20/2015 11:58:51 AM,11/24/2015 11:58:51 AM,MDSS01.LC03CALC.DG01EV02|1|1,0|1002,LMS_WJ2
MDSS01.LC03MDC.WJ2LBTEC,BIT ERROR CODE,11/20/2015 11:58:51 AM,11/24/2015 11:58:51 AM,MDSS01.LC03CALC.DG01EV02|1|1,0|1002,LMS_WJ2
MDSS01.LC03MDC.WJ2LBTST,LNF Run State,11/20/2015 11:58:51 AM,11/24/2015 11:58:51 AM,MDSS01.LC03CALC.DG01EV02|1|1,0|1002,LMS_WJ2
MDSS01.LC03MDC.WJ2LCC20,CutCum20,11/20/2015 11:58:51 AM,11/24/2015 11:58:51 AM,MDSS01.LC03CALC.DG01EV02|1|1,0|1002,LMS_WJ2
MDSS01.LC03MDC.WJ2LCC25,CutCum25,11/20/2015 11:58:51 AM,11/24/2015 11:58:51 AM,MDSS01.LC03CALC.DG01EV02|1|1,0|1002,LMS_WJ2
MDSS01.LC03MDC.WJ2LCC50,CutCum50,11/20/2015 11:58:51 AM,11/24/2015 11:58:51 AM,MDSS01.LC03CALC.DG01EV02|1|1,0|1002,LMS_WJ2
MDSS01.LC03MDC.WJ2LCCMN,CutCntMean,11/20/2015 11:58:51 AM,11/24/2015 11:58:51 AM,MDSS01.LC03CALC.DG01EV02|1|1,0|1002,LMS_WJ2
MDSS01.LC03MDC.WJ2LCCMS,CutMaxSize,11/20/2015 11:58:51 AM,11/24/2015 11:58:51 AM,MDSS01.LC03CALC.DG01EV02|1|1,0|1002,LMS_WJ2
MDSS01.LC03MDC.WJ2LCCSD,CutCntStdDev,11/20/2015 11:58:51 AM,11/24/2015 11:58:51 AM,MDSS01.LC03CALC.DG01EV02|1|1,0|1002,LMS_WJ2
MDSS01.LC03MDC.WJ2LCCXL,CutCum100,11/20/2015 11:58:51 AM,11/24/2015 11:58:51 AM,MDSS01.LC03CALC.DG01EV02|1|1,0|1002,LMS_WJ2
MDSS01.LC03MDC.WJ2LCD04,CDiamCum4,11/20/2015 11:58:51 AM,11/24/2015 11:58:51 AM,MDSS01.LC03CALC.DG01EV02|1|1,0|1002,LMS_WJ2
MDSS01.LC03MDC.WJ2LCD05,CdiamCum5,11/20/2015 11:58:51 AM,11/24/2015 11:58:51 AM,MDSS01.LC03CALC.DG01EV02|1|1,0|1002,LMS_WJ2
MDSS01.LC03MDC.WJ2LCD06,CdiamCum6,11/20/2015 11:58:51 AM,11/24/2015 11:58:51 AM,MDSS01.LC03CALC.DG01EV02|1|1,0|1002,LMS_WJ2
MDSS01.LC03MDC.WJ2LCD10,CdiamCum10,11/20/2015 11:58:51 AM,11/24/2015 11:58:51 AM,MDSS01.LC03CALC.DG01EV02|1|1,0|1002,LMS_WJ2
MDSS01.LC03MDC.WJ2LCD14,CdiamCum14,11/20/2015 11:58:51 AM,11/24/2015 11:58:51 AM,MDSS01.LC03CALC.DG01EV02|1|1,0|1002,LMS_WJ2
MDSS01.LC03MDC.WJ2LCD15,CdiamCum15,11/20/2015 11:58:51 AM,11/24/2015 11:58:51 AM,MDSS01.LC03CALC.DG01EV02|1|1,0|1002,LMS_WJ2
MDSS01.LC03MDC.WJ2LCD20,CdiamCum20,11/20/2015 11:58:51 AM,11/24/2015 11:58:51 AM,MDSS01.LC03CALC.DG01EV02|1|1,0|1002,LMS_WJ2
MDSS01.LC03MDC.WJ2LCD21,CdiamCum21,11/20/2015 11:58:51 AM,11/24/2015 11:58:51 AM,MDSS01.LC03CALC.DG01EV02|1|1,0|1002,LMS_WJ2
MDSS01.LC03MDC.WJ2LCD25,CdiamCum25,11/20/2015 11:58:51 AM,11/24/2015 11:58:51 AM,MDSS01.LC03CALC.DG01EV02|1|1,0|1002,LMS_WJ2
MDSS01.LC03MDC.WJ2LCD38,CdiamCum38,11/20/2015 11:58:51 AM,11/24/2015 11:58:51 AM,MDSS01.LC03CALC.DG01EV02|1|1,0|1002,LMS_WJ2
MDSS01.LC03MDC.WJ2LCD50,CdiamCum50,11/20/2015 11:58:51 AM,11/24/2015 11:58:51 AM,MDSS01.LC03CALC.DG01EV02|1|1,0|1002,LMS_WJ2
MDSS01.LC03MDC.WJ2LCD70,CdiamCum70,11/20/2015 11:58:51 AM,11/24/2015 11:58:51 AM,MDSS01.LC03CALC.DG01EV02|1|1,0|1002,LMS_WJ2
MDSS01.LC03MDC.WJ2LCDXL,CdiamCum10,11/20/2015 11:58:51 AM,11/24/2015 11:58:51 AM,MDSS01.LC03CALC.DG01EV02|1|1,0|1002,LMS_WJ2
MDSS01.LC03MDC.WJ2LCFD,CFD,11/20/2015 11:58:51 AM,11/24/2015 11:58:51 AM,MDSS01.LC03CALC.DG01EV02|1|1,0|1002,LMS_WJ2
MDSS01.LC03MDC.WJ2LCHRN,CameraGain,11/20/2015 11:58:51 AM,11/24/2015 11:58:51 AM,MDSS01.LC03CALC.DG01EV02|1|1,0|1002,LMS_WJ2
MDSS01.LC03MDC.WJ2LFC20,FatCum20,11/20/2015 11:58:51 AM,11/24/2015 11:58:51 AM,MDSS01.LC03CALC.DG01EV02|1|1,0|1002,LMS_WJ2
MDSS01.LC03MDC.WJ2LFC25,FatCum25,11/20/2015 11:58:51 AM,11/24/2015 11:58:51 AM,MDSS01.LC03CALC.DG01EV02|1|1,0|1002,LMS_WJ2
MDSS01.LC03MDC.WJ2LFC50,FatCum50,11/20/2015 11:58:51 AM,11/24/2015 11:58:51 AM,MDSS01.LC03CALC.DG01EV02|1|1,0|1002,LMS_WJ2
MDSS01.LC03MDC.WJ2LFCMN,FatCntMean,11/20/2015 11:58:51 AM,11/24/2015 11:58:51 AM,MDSS01.LC03CALC.DG01EV02|1|1,0|1002,LMS_WJ2
MDSS01.LC03MDC.WJ2LFCMS,FatMaxSize,11/20/2015 11:58:51 AM,11/24/2015 11:58:51 AM,MDSS01.LC03CALC.DG01EV02|1|1,0|1002,LMS_WJ2
MDSS01.LC03MDC.WJ2LFCSD,FatCntStdDev,11/20/2015 11:58:51 AM,11/24/2015 11:58:51 AM,MDSS01.LC03CALC.DG01EV02|1|1,0|1002,LMS_WJ2
MDSS01.LC03MDC.WJ2LFCXL,FatCum100,11/20/2015 11:58:51 AM,11/24/2015 11:58:51 AM,MDSS01.LC03CALC.DG01EV02|1|1,0|1002,LMS_WJ2
MDSS01.LC03MDC.WJ2LFIBE,Fibers,11/20/2015 11:58:51 AM,11/24/2015 11:58:51 AM,MDSS01.LC03CALC.DG01EV02|1|1,0|1002,LMS_WJ2
MDSS01.LC03MDC.WJ2LHAL,HAL,11/20/2015 11:58:51 AM,11/24/2015 11:58:51 AM,MDSS01.LC03CALC.DG01EV02|1|1,0|1002,LMS_WJ2
MDSS01.LC03MDC.WJ2LISO4,ISO4,11/20/2015 11:58:51 AM,11/24/2015 11:58:51 AM,MDSS01.LC03CALC.DG01EV02|1|1,0|1002,LMS_WJ2
MDSS01.LC03MDC.WJ2LISO6,ISO6,11/20/2015 11:58:51 AM,11/24/2015 11:58:51 AM,MDSS01.LC03CALC.DG01EV02|1|1,0|1002,LMS_WJ2
MDSS01.LC03MDC.WJ2LISOL,ISO14,11/20/2015 11:58:51 AM,11/24/2015 11:58:51 AM,MDSS01.LC03CALC.DG01EV02|1|1,0|1002,LMS_WJ2
MDSS01.LC03MDC.WJ2LMD05,MdiamCum5,11/20/2015 11:58:51 AM,11/24/2015 11:58:51 AM,MDSS01.LC03CALC.DG01EV02|1|1,0|1002,LMS_WJ2
MDSS01.LC03MDC.WJ2LMD10,MdiamCum10,11/20/2015 11:58:51 AM,11/24/2015 11:58:51 AM,MDSS01.LC03CALC.DG01EV02|1|1,0|1002,LMS_WJ2
MDSS01.LC03MDC.WJ2LMD15,MdiamCum15,11/20/2015 11:58:51 AM,11/24/2015 11:58:51 AM,MDSS01.LC03CALC.DG01EV02|1|1,0|1002,LMS_WJ2
MDSS01.LC03MDC.WJ2LMD20,MdiamCum20,11/20/2015 11:58:51 AM,11/24/2015 11:58:51 AM,MDSS01.LC03CALC.DG01EV02|1|1,0|1002,LMS_WJ2
MDSS01.LC03MDC.WJ2LMD25,MdiamCum25,11/20/2015 11:58:51 AM,11/24/2015 11:58:51 AM,MDSS01.LC03CALC.DG01EV02|1|1,0|1002,LMS_WJ2
MDSS01.LC03MDC.WJ2LMD50,MDiamCum50,11/20/2015 11:58:51 AM,11/24/2015 11:58:51 AM,MDSS01.LC03CALC.DG01EV02|1|1,0|1002,LMS_WJ2
MDSS01.LC03MDC.WJ2LMDMN,MdiamMeanSize,11/20/2015 11:58:51 AM,11/24/2015 11:58:51 AM,MDSS01.LC03CALC.DG01EV02|1|1,0|1002,LMS_WJ2
MDSS01.LC03MDC.WJ2LMDMS,MdiamMaxSize,11/20/2015 11:58:51 AM,11/24/2015 11:58:51 AM,MDSS01.LC03CALC.DG01EV02|1|1,0|1002,LMS_WJ2
MDSS01.LC03MDC.WJ2LMDSD,MdiamStdDev,11/20/2015 11:58:51 AM,11/24/2015 11:58:51 AM,MDSS01.LC03CALC.DG01EV02|1|1,0|1002,LMS_WJ2
MDSS01.LC03MDC.WJ2LMDXL,MDiamCum10,11/20/2015 11:58:51 AM,11/24/2015 11:58:51 AM,MDSS01.LC03CALC.DG01EV02|1|1,0|1002,LMS_WJ2
MDSS01.LC03MDC.WJ2LNAIR,NAVAIR,11/20/2015 11:58:51 AM,11/24/2015 11:58:51 AM,MDSS01.LC03CALC.DG01EV02|1|1,0|1002,LMS_WJ2
MDSS01.LC03MDC.WJ2LNAS,NAS,11/20/2015 11:58:51 AM,11/24/2015 11:58:51 AM,MDSS01.LC03CALC.DG01EV02|1|1,0|1002,LMS_WJ2
MDSS01.LC03MDC.WJ2LNS05,NAS 5 um,11/20/2015 11:58:51 AM,11/24/2015 11:58:51 AM,MDSS01.LC03CALC.DG01EV02|1|1,0|1002,LMS_WJ2
MDSS01.LC03MDC.WJ2LNS15,NAS 15 um,11/20/2015 11:58:51 AM,11/24/2015 11:58:51 AM,MDSS01.LC03CALC.DG01EV02|1|1,0|1002,LMS_WJ2
MDSS01.LC03MDC.WJ2LNS25,NAS 20 um,11/20/2015 11:58:51 AM,11/24/2015 11:58:51 AM,MDSS01.LC03CALC.DG01EV02|1|1,0|1002,LMS_WJ2
MDSS01.LC03MDC.WJ2LNS50,NAS 50 um,11/20/2015 11:58:51 AM,11/24/2015 11:58:51 AM,MDSS01.LC03CALC.DG01EV02|1|1,0|1002,LMS_WJ2
MDSS01.LC03MDC.WJ2LNSXL,NAS gt 100 um,11/20/2015 11:58:51 AM,11/24/2015 11:58:51 AM,MDSS01.LC03CALC.DG01EV02|1|1,0|1002,LMS_WJ2
MDSS01.LC03MDC.WJ2LNV05,NAV Code 5 um,11/20/2015 11:58:51 AM,11/24/2015 11:58:51 AM,MDSS01.LC03CALC.DG01EV02|1|1,0|1002,LMS_WJ2
MDSS01.LC03MDC.WJ2LNV15,NAV Code 15 um,11/20/2015 11:58:51 AM,11/24/2015 11:58:51 AM,MDSS01.LC03CALC.DG01EV02|1|1,0|1002,LMS_WJ2
MDSS01.LC03MDC.WJ2LNV25,NAV Code 20 um,11/20/2015 11:58:51 AM,11/24/2015 11:58:51 AM,MDSS01.LC03CALC.DG01EV02|1|1,0|1002,LMS_WJ2
MDSS01.LC03MDC.WJ2LNV50,NAV Code 50 um,11/20/2015 11:58:51 AM,11/24/2015 11:58:51 AM,MDSS01.LC03CALC.DG01EV02|1|1,0|1002,LMS_WJ2
MDSS01.LC03MDC.WJ2LNVXL,NAV Code gt 100 um,11/20/2015 11:58:51 AM,11/24/2015 11:58:51 AM,MDSS01.LC03CALC.DG01EV02|1|1,0|1002,LMS_WJ2
MDSS01.LC03MDC.WJ2LOC20,Other Cum 20 um,11/20/2015 11:58:51 AM,11/24/2015 11:58:51 AM,MDSS01.LC03CALC.DG01EV02|1|1,0|1002,LMS_WJ2
MDSS01.LC03MDC.WJ2LOC25,OtherCum25,11/20/2015 11:58:51 AM,11/24/2015 11:58:51 AM,MDSS01.LC03CALC.DG01EV02|1|1,0|1002,LMS_WJ2
MDSS01.LC03MDC.WJ2LOC50,OtherCum50,11/20/2015 11:58:51 AM,11/24/2015 11:58:51 AM,MDSS01.LC03CALC.DG01EV02|1|1,0|1002,LMS_WJ2
MDSS01.LC03MDC.WJ2LOCMN,OtherCntMean,11/20/2015 11:58:51 AM,11/24/2015 11:58:51 AM,MDSS01.LC03CALC.DG01EV02|1|1,0|1002,LMS_WJ2
MDSS01.LC03MDC.WJ2LOCMS,OtherMaxSize,11/20/2015 11:58:51 AM,11/24/2015 11:58:51 AM,MDSS01.LC03CALC.DG01EV02|1|1,0|1002,LMS_WJ2
MDSS01.LC03MDC.WJ2LOCSD,OtherCntStdDev,11/20/2015 11:58:51 AM,11/24/2015 11:58:51 AM,MDSS01.LC03CALC.DG01EV02|1|1,0|1002,LMS_WJ2
MDSS01.LC03MDC.WJ2LOCXL,OtherCum100,11/20/2015 11:58:51 AM,11/24/2015 11:58:51 AM,MDSS01.LC03CALC.DG01EV02|1|1,0|1002,LMS_WJ2
MDSS01.LC03MDC.WJ2LOX20,OxideCum20,11/20/2015 11:58:51 AM,11/24/2015 11:58:51 AM,MDSS01.LC03CALC.DG01EV02|1|1,0|1002,LMS_WJ2
MDSS01.LC03MDC.WJ2LOX25,OxideCum25,11/20/2015 11:58:51 AM,11/24/2015 11:58:51 AM,MDSS01.LC03CALC.DG01EV02|1|1,0|1002,LMS_WJ2
MDSS01.LC03MDC.WJ2LOX50,OxideCum50,11/20/2015 11:58:51 AM,11/24/2015 11:58:51 AM,MDSS01.LC03CALC.DG01EV02|1|1,0|1002,LMS_WJ2
MDSS01.LC03MDC.WJ2LOXMN,OxideCntMean,11/20/2015 11:58:51 AM,11/24/2015 11:58:51 AM,MDSS01.LC03CALC.DG01EV02|1|1,0|1002,LMS_WJ2
MDSS01.LC03MDC.WJ2LOXMS,OxideMaxSize,11/20/2015 11:58:51 AM,11/24/2015 11:58:51 AM,MDSS01.LC03CALC.DG01EV02|1|1,0|1002,LMS_WJ2
MDSS01.LC03MDC.WJ2LOXSD,OxideCntStdDev,11/20/2015 11:58:51 AM,11/24/2015 11:58:51 AM,MDSS01.LC03CALC.DG01EV02|1|1,0|1002,LMS_WJ2
MDSS01.LC03MDC.WJ2LOXXL,OxideCum100,11/20/2015 11:58:51 AM,11/24/2015 11:58:51 AM,MDSS01.LC03CALC.DG01EV02|1|1,0|1002,LMS_WJ2
MDSS01.LC03MDC.WJ2LSA04,SAE4,11/20/2015 11:58:51 AM,11/24/2015 11:58:51 AM,MDSS01.LC03CALC.DG01EV02|1|1,0|1002,LMS_WJ2
MDSS01.LC03MDC.WJ2LSA06,SAE6,11/20/2015 11:58:51 AM,11/24/2015 11:58:51 AM,MDSS01.LC03CALC.DG01EV02|1|1,0|1002,LMS_WJ2
MDSS01.LC03MDC.WJ2LSA14,SAE14,11/20/2015 11:58:51 AM,11/24/2015 11:58:51 AM,MDSS01.LC03CALC.DG01EV02|1|1,0|1002,LMS_WJ2
MDSS01.LC03MDC.WJ2LSA21,SAE21,11/20/2015 11:58:51 AM,11/24/2015 11:58:51 AM,MDSS01.LC03CALC.DG01EV02|1|1,0|1002,LMS_WJ2
MDSS01.LC03MDC.WJ2LSA38,SAE38,11/20/2015 11:58:51 AM,11/24/2015 11:58:51 AM,MDSS01.LC03CALC.DG01EV02|1|1,0|1002,LMS_WJ2
MDSS01.LC03MDC.WJ2LSA70,SAE70,11/20/2015 11:58:51 AM,11/24/2015 11:58:51 AM,MDSS01.LC03CALC.DG01EV02|1|1,0|1002,LMS_WJ2
MDSS01.LC03MDC.WJ2LSAE,SAE,11/20/2015 11:58:51 AM,11/24/2015 11:58:51 AM,MDSS01.LC03CALC.DG01EV02|1|1,0|1002,LMS_WJ2
MDSS01.LC03MDC.WJ2LSAEM,SAEmax,11/20/2015 11:58:51 AM,11/24/2015 11:58:51 AM,MDSS01.LC03CALC.DG01EV02|1|1,0|1002,LMS_WJ2
MDSS01.LC03MDC.WJ2LSC20,SlideCum20,11/20/2015 11:58:51 AM,11/24/2015 11:58:51 AM,MDSS01.LC03CALC.DG01EV02|1|1,0|1002,LMS_WJ2
MDSS01.LC03MDC.WJ2LSC25,SlideCum25,11/20/2015 11:58:51 AM,11/24/2015 11:58:51 AM,MDSS01.LC03CALC.DG01EV02|1|1,0|1002,LMS_WJ2
MDSS01.LC03MDC.WJ2LSC50,SlideCum50,11/20/2015 11:58:51 AM,11/24/2015 11:58:51 AM,MDSS01.LC03CALC.DG01EV02|1|1,0|1002,LMS_WJ2
MDSS01.LC03MDC.WJ2LSCMN,SlideCntMean,11/20/2015 11:58:51 AM,11/24/2015 11:58:51 AM,MDSS01.LC03CALC.DG01EV02|1|1,0|1002,LMS_WJ2
MDSS01.LC03MDC.WJ2LSCMS,SlideMaxSize,11/20/2015 11:58:51 AM,11/24/2015 11:58:51 AM,MDSS01.LC03CALC.DG01EV02|1|1,0|1002,LMS_WJ2
MDSS01.LC03MDC.WJ2LSCSD,SlideCntStdDev,11/20/2015 11:58:51 AM,11/24/2015 11:58:51 AM,MDSS01.LC03CALC.DG01EV02|1|1,0|1002,LMS_WJ2
MDSS01.LC03MDC.WJ2LSCXL,SlideCum100,11/20/2015 11:58:51 AM,11/24/2015 11:58:51 AM,MDSS01.LC03CALC.DG01EV02|1|1,0|1002,LMS_WJ2
MDSS01.LC03MDC.WJ2LSOOT,PctSoot,11/20/2015 11:58:51 AM,11/24/2015 11:58:51 AM,MDSS01.LC03CALC.DG01EV02|1|1,0|1002,LMS_WJ2
MDSS01.LC03MDC.WJ2LT_IN,Temp IN,11/20/2015 11:58:51 AM,11/24/2015 11:58:51 AM,MDSS01.LC03CALC.DG01EV02|1|1,0|1002,LMS_WJ2
MDSS01.LC03MDC.WJ2LT_OU,Temp Out,11/20/2015 11:58:51 AM,11/24/2015 11:58:51 AM,MDSS01.LC03CALC.DG01EV02|1|1,0|1002,LMS_WJ2
MDSS01.LC03MDC.WJ2LUC_1,User Count 1,11/20/2015 11:58:51 AM,11/24/2015 11:58:51 AM,MDSS01.LC03CALC.DG01EV02|1|1,0|1002,LMS_WJ2
MDSS01.LC03MDC.WJ2LUC_2,User Count 2,11/20/2015 11:58:51 AM,11/24/2015 11:58:51 AM,MDSS01.LC03CALC.DG01EV02|1|1,0|1002,LMS_WJ2
MDSS01.LC03MDC.WJ2LUC_3,User Count 3,11/20/2015 11:58:51 AM,11/24/2015 11:58:51 AM,MDSS01.LC03CALC.DG01EV02|1|1,0|1002,LMS_WJ2
MDSS01.LC03MDC.WJ2LUC_4,User Count 4,11/20/2015 11:58:51 AM,11/24/2015 11:58:51 AM,MDSS01.LC03CALC.DG01EV02|1|1,0|1002,LMS_WJ2
MDSS01.LC03MDC.WJ2LUC_5,User Count 5,11/20/2015 11:58:51 AM,11/24/2015 11:58:51 AM,MDSS01.LC03CALC.DG01EV02|1|1,0|1002,LMS_WJ2
MDSS01.LC03MDC.WJ2LUC_6,User Count 6,11/20/2015 11:58:51 AM,11/24/2015 11:58:51 AM,MDSS01.LC03CALC.DG01EV02|1|1,0|1002,LMS_WJ2
MDSS01.LC03MDC.WJ2LUS_1,User Size 1,11/20/2015 11:58:51 AM,11/24/2015 11:58:51 AM,MDSS01.LC03CALC.DG01EV02|1|1,0|1002,LMS_WJ2
MDSS01.LC03MDC.WJ2LUS_2,User Size 2,11/20/2015 11:58:51 AM,11/24/2015 11:58:51 AM,MDSS01.LC03CALC.DG01EV02|1|1,0|1002,LMS_WJ2
MDSS01.LC03MDC.WJ2LUS_3,User Size 3,11/20/2015 11:58:51 AM,11/24/2015 11:58:51 AM,MDSS01.LC03CALC.DG01EV02|1|1,0|1002,LMS_WJ2
MDSS01.LC03MDC.WJ2LUS_4,User Size 4,11/20/2015 11:58:51 AM,11/24/2015 11:58:51 AM,MDSS01.LC03CALC.DG01EV02|1|1,0|1002,LMS_WJ2
MDSS01.LC03MDC.WJ2LUS_5,User Size 5,11/20/2015 11:58:51 AM,11/24/2015 11:58:51 AM,MDSS01.LC03CALC.DG01EV02|1|1,0|1002,LMS_WJ2
MDSS01.LC03MDC.WJ2LUS_6,User Size 6,11/20/2015 11:58:51 AM,11/24/2015 11:58:51 AM,MDSS01.LC03CALC.DG01EV02|1|1,0|1002,LMS_WJ2
MDSS01.LC03MDC.WJ2LVISC,Viscosity40C,11/20/2015 11:58:51 AM,11/24/2015 11:58:51 AM,MDSS01.LC03CALC.DG01EV02|1|1,0|1002,LMS_WJ2
MDSS01.LC03MDC.WJ2LWBIN,WearBin,11/20/2015 11:58:51 AM,11/24/2015 11:58:51 AM,MDSS01.LC03CALC.DG01EV02|1|1,0|1002,LMS_WJ2
MDSS01.LC03MDC.WJ2LWD20,Water Drop 20 um,11/20/2015 11:58:51 AM,11/24/2015 11:58:51 AM,MDSS01.LC03CALC.DG01EV02|1|1,0|1002,LMS_WJ2
MDSS01.LC03MDC.WJ2LWD21,Water Drop 21 um,11/20/2015 11:58:51 AM,11/24/2015 11:58:51 AM,MDSS01.LC03CALC.DG01EV02|1|1,0|1002,LMS_WJ2
MDSS01.LC03MDC.WJ2LWD25,Water Drop 25 um,11/20/2015 11:58:51 AM,11/24/2015 11:58:51 AM,MDSS01.LC03CALC.DG01EV02|1|1,0|1002,LMS_WJ2
MDSS01.LC03MDC.WJ2LWD38,Water Drop 38 um,11/20/2015 11:58:51 AM,11/24/2015 11:58:51 AM,MDSS01.LC03CALC.DG01EV02|1|1,0|1002,LMS_WJ2
MDSS01.LC03MDC.WJ2LWD50,Water Drop 50 um,11/20/2015 11:58:51 AM,11/24/2015 11:58:51 AM,MDSS01.LC03CALC.DG01EV02|1|1,0|1002,LMS_WJ2
MDSS01.LC03MDC.WJ2LWD70,Water Drop 70 um,11/20/2015 11:58:51 AM,11/24/2015 11:58:51 AM,MDSS01.LC03CALC.DG01EV02|1|1,0|1002,LMS_WJ2
MDSS01.LC03MDC.WJ2LWDXL,Water Drop 100 um,11/20/2015 11:58:51 AM,11/24/2015 11:58:51 AM,MDSS01.LC03CALC.DG01EV02|1|1,0|1002,LMS_WJ2
MDSS01.LC03MDC.WJ2LWPPM,WaterIndex,11/20/2015 11:58:51 AM,11/24/2015 11:58:51 AM,MDSS01.LC03CALC.DG01EV02|1|1,0|1002,LMS_WJ2
MDSS01.LC03MDC.WJ3L_STA,Status,11/20/2015 11:58:51 AM,11/24/2015 11:58:51 AM,MDSS01.LC03CALC.DG01EV02|1|1,0|1002,LMS_WJ3
MDSS01.LC03MDC.WJ3L_FLW,Flow Rate,11/20/2015 11:58:51 AM,11/24/2015 11:58:51 AM,MDSS01.LC03CALC.DG01EV02|1|1,0|1002,LMS_WJ3
MDSS01.LC03MDC.WJ3L_LFR,Last Flow Rate,11/20/2015 11:58:51 AM,11/24/2015 11:58:51 AM,MDSS01.LC03CALC.DG01EV02|1|1,0|1002,LMS_WJ3
MDSS01.LC03MDC.WJ3L_LKV,Leak Value,11/20/2015 11:58:51 AM,11/24/2015 11:58:51 AM,MDSS01.LC03CALC.DG01EV02|1|1,0|1002,LMS_WJ3
MDSS01.LC03MDC.WJ3L_MEM,Memory Usage,11/20/2015 11:58:51 AM,11/24/2015 11:58:51 AM,MDSS01.LC03CALC.DG01EV02|1|1,0|1002,LMS_WJ3
MDSS01.LC03MDC.WJ3L_MN,Mean,11/20/2015 11:58:51 AM,11/24/2015 11:58:51 AM,MDSS01.LC03CALC.DG01EV02|1|1,0|1002,LMS_WJ3
MDSS01.LC03MDC.WJ3L_MNR,Mean Ratio,11/20/2015 11:58:51 AM,11/24/2015 11:58:51 AM,MDSS01.LC03CALC.DG01EV02|1|1,0|1002,LMS_WJ3
MDSS01.LC03MDC.WJ3L_PON,Pump On,11/20/2015 11:58:51 AM,11/24/2015 11:58:51 AM,MDSS01.LC03CALC.DG01EV02|1|1,0|1002,LMS_WJ3
MDSS01.LC03MDC.WJ3L_SEG,Segment Type,11/20/2015 11:58:51 AM,11/24/2015 11:58:51 AM,MDSS01.LC03CALC.DG01EV02|1|1,0|1002,LMS_WJ3
MDSS01.LC03MDC.WJ3LAB20,Air Bubble 20 um,11/20/2015 11:58:51 AM,11/24/2015 11:58:51 AM,MDSS01.LC03CALC.DG01EV02|1|1,0|1002,LMS_WJ3
MDSS01.LC03MDC.WJ3LAB21,Air Bubble 21 um,11/20/2015 11:58:51 AM,11/24/2015 11:58:51 AM,MDSS01.LC03CALC.DG01EV02|1|1,0|1002,LMS_WJ3
MDSS01.LC03MDC.WJ3LAB25,Air Bubble 25 um,11/20/2015 11:58:51 AM,11/24/2015 11:58:51 AM,MDSS01.LC03CALC.DG01EV02|1|1,0|1002,LMS_WJ3
MDSS01.LC03MDC.WJ3LAB38,Air Bubble 38 um,11/20/2015 11:58:51 AM,11/24/2015 11:58:51 AM,MDSS01.LC03CALC.DG01EV02|1|1,0|1002,LMS_WJ3
MDSS01.LC03MDC.WJ3LAB50,Air Bubble 50 um,11/20/2015 11:58:51 AM,11/24/2015 11:58:51 AM,MDSS01.LC03CALC.DG01EV02|1|1,0|1002,LMS_WJ3
MDSS01.LC03MDC.WJ3LAB70,Air Bubble 70 um,11/20/2015 11:58:51 AM,11/24/2015 11:58:51 AM,MDSS01.LC03CALC.DG01EV02|1|1,0|1002,LMS_WJ3
MDSS01.LC03MDC.WJ3LABXL,Air Bubble 100 um,11/20/2015 11:58:51 AM,11/24/2015 11:58:51 AM,MDSS01.LC03CALC.DG01EV02|1|1,0|1002,LMS_WJ3
MDSS01.LC03MDC.WJ3LBSW,BSW,11/20/2015 11:58:51 AM,11/24/2015 11:58:51 AM,MDSS01.LC03CALC.DG01EV02|1|1,0|1002,LMS_WJ3
MDSS01.LC03MDC.WJ3LBTEC,BIT ERROR CODE,11/20/2015 11:58:51 AM,11/24/2015 11:58:51 AM,MDSS01.LC03CALC.DG01EV02|1|1,0|1002,LMS_WJ3
MDSS01.LC03MDC.WJ3LBTST,LNF Run State,11/20/2015 11:58:51 AM,11/24/2015 11:58:51 AM,MDSS01.LC03CALC.DG01EV02|1|1,0|1002,LMS_WJ3
MDSS01.LC03MDC.WJ3LCC20,CutCum20,11/20/2015 11:58:51 AM,11/24/2015 11:58:51 AM,MDSS01.LC03CALC.DG01EV02|1|1,0|1002,LMS_WJ3
MDSS01.LC03MDC.WJ3LCC25,CutCum25,11/20/2015 11:58:51 AM,11/24/2015 11:58:51 AM,MDSS01.LC03CALC.DG01EV02|1|1,0|1002,LMS_WJ3
MDSS01.LC03MDC.WJ3LCC50,CutCum50,11/20/2015 11:58:51 AM,11/24/2015 11:58:51 AM,MDSS01.LC03CALC.DG01EV02|1|1,0|1002,LMS_WJ3
MDSS01.LC03MDC.WJ3LCCMN,CutCntMean,11/20/2015 11:58:51 AM,11/24/2015 11:58:51 AM,MDSS01.LC03CALC.DG01EV02|1|1,0|1002,LMS_WJ3
MDSS01.LC03MDC.WJ3LCCMS,CutMaxSize,11/20/2015 11:58:51 AM,11/24/2015 11:58:51 AM,MDSS01.LC03CALC.DG01EV02|1|1,0|1002,LMS_WJ3
MDSS01.LC03MDC.WJ3LCCSD,CutCntStdDev,11/20/2015 11:58:51 AM,11/24/2015 11:58:51 AM,MDSS01.LC03CALC.DG01EV02|1|1,0|1002,LMS_WJ3
MDSS01.LC03MDC.WJ3LCCXL,CutCum100,11/20/2015 11:58:51 AM,11/24/2015 11:58:51 AM,MDSS01.LC03CALC.DG01EV02|1|1,0|1002,LMS_WJ3
MDSS01.LC03MDC.WJ3LCD04,CDiamCum4,11/20/2015 11:58:51 AM,11/24/2015 11:58:51 AM,MDSS01.LC03CALC.DG01EV02|1|1,0|1002,LMS_WJ3
MDSS01.LC03MDC.WJ3LCD05,CdiamCum5,11/20/2015 11:58:51 AM,11/24/2015 11:58:51 AM,MDSS01.LC03CALC.DG01EV02|1|1,0|1002,LMS_WJ3
MDSS01.LC03MDC.WJ3LCD06,CdiamCum6,11/20/2015 11:58:51 AM,11/24/2015 11:58:51 AM,MDSS01.LC03CALC.DG01EV02|1|1,0|1002,LMS_WJ3
MDSS01.LC03MDC.WJ3LCD10,CdiamCum10,11/20/2015 11:58:51 AM,11/24/2015 11:58:51 AM,MDSS01.LC03CALC.DG01EV02|1|1,0|1002,LMS_WJ3
MDSS01.LC03MDC.WJ3LCD14,CdiamCum14,11/20/2015 11:58:51 AM,11/24/2015 11:58:51 AM,MDSS01.LC03CALC.DG01EV02|1|1,0|1002,LMS_WJ3
MDSS01.LC03MDC.WJ3LCD15,CdiamCum15,11/20/2015 11:58:51 AM,11/24/2015 11:58:51 AM,MDSS01.LC03CALC.DG01EV02|1|1,0|1002,LMS_WJ3
MDSS01.LC03MDC.WJ3LCD20,CdiamCum20,11/20/2015 11:58:51 AM,11/24/2015 11:58:51 AM,MDSS01.LC03CALC.DG01EV02|1|1,0|1002,LMS_WJ3
MDSS01.LC03MDC.WJ3LCD21,CdiamCum21,11/20/2015 11:58:51 AM,11/24/2015 11:58:51 AM,MDSS01.LC03CALC.DG01EV02|1|1,0|1002,LMS_WJ3
MDSS01.LC03MDC.WJ3LCD25,CdiamCum25,11/20/2015 11:58:51 AM,11/24/2015 11:58:51 AM,MDSS01.LC03CALC.DG01EV02|1|1,0|1002,LMS_WJ3
MDSS01.LC03MDC.WJ3LCD38,CdiamCum38,11/20/2015 11:58:51 AM,11/24/2015 11:58:51 AM,MDSS01.LC03CALC.DG01EV02|1|1,0|1002,LMS_WJ3
MDSS01.LC03MDC.WJ3LCD50,CdiamCum50,11/20/2015 11:58:51 AM,11/24/2015 11:58:51 AM,MDSS01.LC03CALC.DG01EV02|1|1,0|1002,LMS_WJ3
MDSS01.LC03MDC.WJ3LCD70,CdiamCum70,11/20/2015 11:58:51 AM,11/24/2015 11:58:51 AM,MDSS01.LC03CALC.DG01EV02|1|1,0|1002,LMS_WJ3
MDSS01.LC03MDC.WJ3LCDXL,CdiamCum10,11/20/2015 11:58:51 AM,11/24/2015 11:58:51 AM,MDSS01.LC03CALC.DG01EV02|1|1,0|1002,LMS_WJ3
MDSS01.LC03MDC.WJ3LCFD,CFD,11/20/2015 11:58:51 AM,11/24/2015 11:58:51 AM,MDSS01.LC03CALC.DG01EV02|1|1,0|1002,LMS_WJ3
MDSS01.LC03MDC.WJ3LCHRN,CameraGain,11/20/2015 11:58:51 AM,11/24/2015 11:58:51 AM,MDSS01.LC03CALC.DG01EV02|1|1,0|1002,LMS_WJ3
MDSS01.LC03MDC.WJ3LFC20,FatCum20,11/20/2015 11:58:51 AM,11/24/2015 11:58:51 AM,MDSS01.LC03CALC.DG01EV02|1|1,0|1002,LMS_WJ3
MDSS01.LC03MDC.WJ3LFC25,FatCum25,11/20/2015 11:58:51 AM,11/24/2015 11:58:51 AM,MDSS01.LC03CALC.DG01EV02|1|1,0|1002,LMS_WJ3
MDSS01.LC03MDC.WJ3LFC50,FatCum50,11/20/2015 11:58:51 AM,11/24/2015 11:58:51 AM,MDSS01.LC03CALC.DG01EV02|1|1,0|1002,LMS_WJ3
MDSS01.LC03MDC.WJ3LFCMN,FatCntMean,11/20/2015 11:58:51 AM,11/24/2015 11:58:51 AM,MDSS01.LC03CALC.DG01EV02|1|1,0|1002,LMS_WJ3
MDSS01.LC03MDC.WJ3LFCMS,FatMaxSize,11/20/2015 11:58:51 AM,11/24/2015 11:58:51 AM,MDSS01.LC03CALC.DG01EV02|1|1,0|1002,LMS_WJ3
MDSS01.LC03MDC.WJ3LFCSD,FatCntStdDev,11/20/2015 11:58:51 AM,11/24/2015 11:58:51 AM,MDSS01.LC03CALC.DG01EV02|1|1,0|1002,LMS_WJ3
MDSS01.LC03MDC.WJ3LFCXL,FatCum100,11/20/2015 11:58:51 AM,11/24/2015 11:58:51 AM,MDSS01.LC03CALC.DG01EV02|1|1,0|1002,LMS_WJ3
MDSS01.LC03MDC.WJ3LFIBE,Fibers,11/20/2015 11:58:51 AM,11/24/2015 11:58:51 AM,MDSS01.LC03CALC.DG01EV02|1|1,0|1002,LMS_WJ3
MDSS01.LC03MDC.WJ3LHAL,HAL,11/20/2015 11:58:51 AM,11/24/2015 11:58:51 AM,MDSS01.LC03CALC.DG01EV02|1|1,0|1002,LMS_WJ3
MDSS01.LC03MDC.WJ3LISO4,ISO4,11/20/2015 11:58:51 AM,11/24/2015 11:58:51 AM,MDSS01.LC03CALC.DG01EV02|1|1,0|1002,LMS_WJ3
MDSS01.LC03MDC.WJ3LISO6,ISO6,11/20/2015 11:58:51 AM,11/24/2015 11:58:51 AM,MDSS01.LC03CALC.DG01EV02|1|1,0|1002,LMS_WJ3
MDSS01.LC03MDC.WJ3LISOL,ISO14,11/20/2015 11:58:51 AM,11/24/2015 11:58:51 AM,MDSS01.LC03CALC.DG01EV02|1|1,0|1002,LMS_WJ3
MDSS01.LC03MDC.WJ3LMD05,MdiamCum5,11/20/2015 11:58:51 AM,11/24/2015 11:58:51 AM,MDSS01.LC03CALC.DG01EV02|1|1,0|1002,LMS_WJ3
MDSS01.LC03MDC.WJ3LMD10,MdiamCum10,11/20/2015 11:58:51 AM,11/24/2015 11:58:51 AM,MDSS01.LC03CALC.DG01EV02|1|1,0|1002,LMS_WJ3
MDSS01.LC03MDC.WJ3LMD15,MdiamCum15,11/20/2015 11:58:51 AM,11/24/2015 11:58:51 AM,MDSS01.LC03CALC.DG01EV02|1|1,0|1002,LMS_WJ3
MDSS01.LC03MDC.WJ3LMD20,MdiamCum20,11/20/2015 11:58:51 AM,11/24/2015 11:58:51 AM,MDSS01.LC03CALC.DG01EV02|1|1,0|1002,LMS_WJ3
MDSS01.LC03MDC.WJ3LMD25,MdiamCum25,11/20/2015 11:58:51 AM,11/24/2015 11:58:51 AM,MDSS01.LC03CALC.DG01EV02|1|1,0|1002,LMS_WJ3
MDSS01.LC03MDC.WJ3LMD50,MDiamCum50,11/20/2015 11:58:51 AM,11/24/2015 11:58:51 AM,MDSS01.LC03CALC.DG01EV02|1|1,0|1002,LMS_WJ3
MDSS01.LC03MDC.WJ3LMDMN,MdiamMeanSize,11/20/2015 11:58:51 AM,11/24/2015 11:58:51 AM,MDSS01.LC03CALC.DG01EV02|1|1,0|1002,LMS_WJ3
MDSS01.LC03MDC.WJ3LMDMS,MdiamMaxSize,11/20/2015 11:58:51 AM,11/24/2015 11:58:51 AM,MDSS01.LC03CALC.DG01EV02|1|1,0|1002,LMS_WJ3
MDSS01.LC03MDC.WJ3LMDSD,MdiamStdDev,11/20/2015 11:58:51 AM,11/24/2015 11:58:51 AM,MDSS01.LC03CALC.DG01EV02|1|1,0|1002,LMS_WJ3
MDSS01.LC03MDC.WJ3LMDXL,MDiamCum10,11/20/2015 11:58:51 AM,11/24/2015 11:58:51 AM,MDSS01.LC03CALC.DG01EV02|1|1,0|1002,LMS_WJ3
MDSS01.LC03MDC.WJ3LNAIR,NAVAIR,11/20/2015 11:58:51 AM,11/24/2015 11:58:51 AM,MDSS01.LC03CALC.DG01EV02|1|1,0|1002,LMS_WJ3
MDSS01.LC03MDC.WJ3LNAS,NAS,11/20/2015 11:58:51 AM,11/24/2015 11:58:51 AM,MDSS01.LC03CALC.DG01EV02|1|1,0|1002,LMS_WJ3
MDSS01.LC03MDC.WJ3LNS05,NAS 5 um,11/20/2015 11:58:51 AM,11/24/2015 11:58:51 AM,MDSS01.LC03CALC.DG01EV02|1|1,0|1002,LMS_WJ3
MDSS01.LC03MDC.WJ3LNS15,NAS 15 um,11/20/2015 11:58:51 AM,11/24/2015 11:58:51 AM,MDSS01.LC03CALC.DG01EV02|1|1,0|1002,LMS_WJ3
MDSS01.LC03MDC.WJ3LNS25,NAS 20 um,11/20/2015 11:58:51 AM,11/24/2015 11:58:51 AM,MDSS01.LC03CALC.DG01EV02|1|1,0|1002,LMS_WJ3
MDSS01.LC03MDC.WJ3LNS50,NAS 50 um,11/20/2015 11:58:51 AM,11/24/2015 11:58:51 AM,MDSS01.LC03CALC.DG01EV02|1|1,0|1002,LMS_WJ3
MDSS01.LC03MDC.WJ3LNSXL,NAS gt 100 um,11/20/2015 11:58:51 AM,11/24/2015 11:58:51 AM,MDSS01.LC03CALC.DG01EV02|1|1,0|1002,LMS_WJ3
MDSS01.LC03MDC.WJ3LNV05,NAV Code 5 um,11/20/2015 11:58:51 AM,11/24/2015 11:58:51 AM,MDSS01.LC03CALC.DG01EV02|1|1,0|1002,LMS_WJ3
MDSS01.LC03MDC.WJ3LNV15,NAV Code 15 um,11/20/2015 11:58:51 AM,11/24/2015 11:58:51 AM,MDSS01.LC03CALC.DG01EV02|1|1,0|1002,LMS_WJ3
MDSS01.LC03MDC.WJ3LNV25,NAV Code 20 um,11/20/2015 11:58:51 AM,11/24/2015 11:58:51 AM,MDSS01.LC03CALC.DG01EV02|1|1,0|1002,LMS_WJ3
MDSS01.LC03MDC.WJ3LNV50,NAV Code 50 um,11/20/2015 11:58:51 AM,11/24/2015 11:58:51 AM,MDSS01.LC03CALC.DG01EV02|1|1,0|1002,LMS_WJ3
MDSS01.LC03MDC.WJ3LNVXL,NAV Code gt 100 um,11/20/2015 11:58:51 AM,11/24/2015 11:58:51 AM,MDSS01.LC03CALC.DG01EV02|1|1,0|1002,LMS_WJ3
MDSS01.LC03MDC.WJ3LOC20,Other Cum 20 um,11/20/2015 11:58:51 AM,11/24/2015 11:58:51 AM,MDSS01.LC03CALC.DG01EV02|1|1,0|1002,LMS_WJ3
MDSS01.LC03MDC.WJ3LOC25,OtherCum25,11/20/2015 11:58:51 AM,11/24/2015 11:58:51 AM,MDSS01.LC03CALC.DG01EV02|1|1,0|1002,LMS_WJ3
MDSS01.LC03MDC.WJ3LOC50,OtherCum50,11/20/2015 11:58:51 AM,11/24/2015 11:58:51 AM,MDSS01.LC03CALC.DG01EV02|1|1,0|1002,LMS_WJ3
MDSS01.LC03MDC.WJ3LOCMN,OtherCntMean,11/20/2015 11:58:51 AM,11/24/2015 11:58:51 AM,MDSS01.LC03CALC.DG01EV02|1|1,0|1002,LMS_WJ3
MDSS01.LC03MDC.WJ3LOCMS,OtherMaxSize,11/20/2015 11:58:51 AM,11/24/2015 11:58:51 AM,MDSS01.LC03CALC.DG01EV02|1|1,0|1002,LMS_WJ3
MDSS01.LC03MDC.WJ3LOCSD,OtherCntStdDev,11/20/2015 11:58:51 AM,11/24/2015 11:58:51 AM,MDSS01.LC03CALC.DG01EV02|1|1,0|1002,LMS_WJ3
MDSS01.LC03MDC.WJ3LOCXL,OtherCum100,11/20/2015 11:58:51 AM,11/24/2015 11:58:51 AM,MDSS01.LC03CALC.DG01EV02|1|1,0|1002,LMS_WJ3
MDSS01.LC03MDC.WJ3LOX20,OxideCum20,11/20/2015 11:58:51 AM,11/24/2015 11:58:51 AM,MDSS01.LC03CALC.DG01EV02|1|1,0|1002,LMS_WJ3
MDSS01.LC03MDC.WJ3LOX25,OxideCum25,11/20/2015 11:58:51 AM,11/24/2015 11:58:51 AM,MDSS01.LC03CALC.DG01EV02|1|1,0|1002,LMS_WJ3
MDSS01.LC03MDC.WJ3LOX50,OxideCum50,11/20/2015 11:58:51 AM,11/24/2015 11:58:51 AM,MDSS01.LC03CALC.DG01EV02|1|1,0|1002,LMS_WJ3
MDSS01.LC03MDC.WJ3LOXMN,OxideCntMean,11/20/2015 11:58:51 AM,11/24/2015 11:58:51 AM,MDSS01.LC03CALC.DG01EV02|1|1,0|1002,LMS_WJ3
MDSS01.LC03MDC.WJ3LOXMS,OxideMaxSize,11/20/2015 11:58:51 AM,11/24/2015 11:58:51 AM,MDSS01.LC03CALC.DG01EV02|1|1,0|1002,LMS_WJ3
MDSS01.LC03MDC.WJ3LOXSD,OxideCntStdDev,11/20/2015 11:58:51 AM,11/24/2015 11:58:51 AM,MDSS01.LC03CALC.DG01EV02|1|1,0|1002,LMS_WJ3
MDSS01.LC03MDC.WJ3LOXXL,OxideCum100,11/20/2015 11:58:51 AM,11/24/2015 11:58:51 AM,MDSS01.LC03CALC.DG01EV02|1|1,0|1002,LMS_WJ3
MDSS01.LC03MDC.WJ3LSA04,SAE4,11/20/2015 11:58:51 AM,11/24/2015 11:58:51 AM,MDSS01.LC03CALC.DG01EV02|1|1,0|1002,LMS_WJ3
MDSS01.LC03MDC.WJ3LSA06,SAE6,11/20/2015 11:58:51 AM,11/24/2015 11:58:51 AM,MDSS01.LC03CALC.DG01EV02|1|1,0|1002,LMS_WJ3
MDSS01.LC03MDC.WJ3LSA14,SAE14,11/20/2015 11:58:51 AM,11/24/2015 11:58:51 AM,MDSS01.LC03CALC.DG01EV02|1|1,0|1002,LMS_WJ3
MDSS01.LC03MDC.WJ3LSA21,SAE21,11/20/2015 11:58:51 AM,11/24/2015 11:58:51 AM,MDSS01.LC03CALC.DG01EV02|1|1,0|1002,LMS_WJ3
MDSS01.LC03MDC.WJ3LSA38,SAE38,11/20/2015 11:58:51 AM,11/24/2015 11:58:51 AM,MDSS01.LC03CALC.DG01EV02|1|1,0|1002,LMS_WJ3
MDSS01.LC03MDC.WJ3LSA70,SAE70,11/20/2015 11:58:51 AM,11/24/2015 11:58:51 AM,MDSS01.LC03CALC.DG01EV02|1|1,0|1002,LMS_WJ3
MDSS01.LC03MDC.WJ3LSAE,SAE,11/20/2015 11:58:51 AM,11/24/2015 11:58:51 AM,MDSS01.LC03CALC.DG01EV02|1|1,0|1002,LMS_WJ3
MDSS01.LC03MDC.WJ3LSAEM,SAEmax,11/20/2015 11:58:51 AM,11/24/2015 11:58:51 AM,MDSS01.LC03CALC.DG01EV02|1|1,0|1002,LMS_WJ3
MDSS01.LC03MDC.WJ3LSC20,SlideCum20,11/20/2015 11:58:51 AM,11/24/2015 11:58:51 AM,MDSS01.LC03CALC.DG01EV02|1|1,0|1002,LMS_WJ3
MDSS01.LC03MDC.WJ3LSC25,SlideCum25,11/20/2015 11:58:51 AM,11/24/2015 11:58:51 AM,MDSS01.LC03CALC.DG01EV02|1|1,0|1002,LMS_WJ3
MDSS01.LC03MDC.WJ3LSC50,SlideCum50,11/20/2015 11:58:51 AM,11/24/2015 11:58:51 AM,MDSS01.LC03CALC.DG01EV02|1|1,0|1002,LMS_WJ3
MDSS01.LC03MDC.WJ3LSCMN,SlideCntMean,11/20/2015 11:58:51 AM,11/24/2015 11:58:51 AM,MDSS01.LC03CALC.DG01EV02|1|1,0|1002,LMS_WJ3
MDSS01.LC03MDC.WJ3LSCMS,SlideMaxSize,11/20/2015 11:58:51 AM,11/24/2015 11:58:51 AM,MDSS01.LC03CALC.DG01EV02|1|1,0|1002,LMS_WJ3
MDSS01.LC03MDC.WJ3LSCSD,SlideCntStdDev,11/20/2015 11:58:51 AM,11/24/2015 11:58:51 AM,MDSS01.LC03CALC.DG01EV02|1|1,0|1002,LMS_WJ3
MDSS01.LC03MDC.WJ3LSCXL,SlideCum100,11/20/2015 11:58:51 AM,11/24/2015 11:58:51 AM,MDSS01.LC03CALC.DG01EV02|1|1,0|1002,LMS_WJ3
MDSS01.LC03MDC.WJ3LSOOT,PctSoot,11/20/2015 11:58:51 AM,11/24/2015 11:58:51 AM,MDSS01.LC03CALC.DG01EV02|1|1,0|1002,LMS_WJ3
MDSS01.LC03MDC.WJ3LT_IN,Temp IN,11/20/2015 11:58:51 AM,11/24/2015 11:58:51 AM,MDSS01.LC03CALC.DG01EV02|1|1,0|1002,LMS_WJ3
MDSS01.LC03MDC.WJ3LT_OU,Temp Out,11/20/2015 11:58:51 AM,11/24/2015 11:58:51 AM,MDSS01.LC03CALC.DG01EV02|1|1,0|1002,LMS_WJ3
MDSS01.LC03MDC.WJ3LUC_1,User Count 1,11/20/2015 11:58:51 AM,11/24/2015 11:58:51 AM,MDSS01.LC03CALC.DG01EV02|1|1,0|1002,LMS_WJ3
MDSS01.LC03MDC.WJ3LUC_2,User Count 2,11/20/2015 11:58:51 AM,11/24/2015 11:58:51 AM,MDSS01.LC03CALC.DG01EV02|1|1,0|1002,LMS_WJ3
MDSS01.LC03MDC.WJ3LUC_3,User Count 3,11/20/2015 11:58:51 AM,11/24/2015 11:58:51 AM,MDSS01.LC03CALC.DG01EV02|1|1,0|1002,LMS_WJ3
MDSS01.LC03MDC.WJ3LUC_4,User Count 4,11/20/2015 11:58:51 AM,11/24/2015 11:58:51 AM,MDSS01.LC03CALC.DG01EV02|1|1,0|1002,LMS_WJ3
MDSS01.LC03MDC.WJ3LUC_5,User Count 5,11/20/2015 11:58:51 AM,11/24/2015 11:58:51 AM,MDSS01.LC03CALC.DG01EV02|1|1,0|1002,LMS_WJ3
MDSS01.LC03MDC.WJ3LUC_6,User Count 6,11/20/2015 11:58:51 AM,11/24/2015 11:58:51 AM,MDSS01.LC03CALC.DG01EV02|1|1,0|1002,LMS_WJ3
MDSS01.LC03MDC.WJ3LUS_1,User Size 1,11/20/2015 11:58:51 AM,11/24/2015 11:58:51 AM,MDSS01.LC03CALC.DG01EV02|1|1,0|1002,LMS_WJ3
MDSS01.LC03MDC.WJ3LUS_2,User Size 2,11/20/2015 11:58:51 AM,11/24/2015 11:58:51 AM,MDSS01.LC03CALC.DG01EV02|1|1,0|1002,LMS_WJ3
MDSS01.LC03MDC.WJ3LUS_3,User Size 3,11/20/2015 11:58:51 AM,11/24/2015 11:58:51 AM,MDSS01.LC03CALC.DG01EV02|1|1,0|1002,LMS_WJ3
MDSS01.LC03MDC.WJ3LUS_4,User Size 4,11/20/2015 11:58:51 AM,11/24/2015 11:58:51 AM,MDSS01.LC03CALC.DG01EV02|1|1,0|1002,LMS_WJ3
MDSS01.LC03MDC.WJ3LUS_5,User Size 5,11/20/2015 11:58:51 AM,11/24/2015 11:58:51 AM,MDSS01.LC03CALC.DG01EV02|1|1,0|1002,LMS_WJ3
MDSS01.LC03MDC.WJ3LUS_6,User Size 6,11/20/2015 11:58:51 AM,11/24/2015 11:58:51 AM,MDSS01.LC03CALC.DG01EV02|1|1,0|1002,LMS_WJ3
MDSS01.LC03MDC.WJ3LVISC,Viscosity40C,11/20/2015 11:58:51 AM,11/24/2015 11:58:51 AM,MDSS01.LC03CALC.DG01EV02|1|1,0|1002,LMS_WJ3
MDSS01.LC03MDC.WJ3LWBIN,WearBin,11/20/2015 11:58:51 AM,11/24/2015 11:58:51 AM,MDSS01.LC03CALC.DG01EV02|1|1,0|1002,LMS_WJ3
MDSS01.LC03MDC.WJ3LWD20,Water Drop 20 um,11/20/2015 11:58:51 AM,11/24/2015 11:58:51 AM,MDSS01.LC03CALC.DG01EV02|1|1,0|1002,LMS_WJ3
MDSS01.LC03MDC.WJ3LWD21,Water Drop 21 um,11/20/2015 11:58:51 AM,11/24/2015 11:58:51 AM,MDSS01.LC03CALC.DG01EV02|1|1,0|1002,LMS_WJ3
MDSS01.LC03MDC.WJ3LWD25,Water Drop 25 um,11/20/2015 11:58:51 AM,11/24/2015 11:58:51 AM,MDSS01.LC03CALC.DG01EV02|1|1,0|1002,LMS_WJ3
MDSS01.LC03MDC.WJ3LWD38,Water Drop 38 um,11/20/2015 11:58:51 AM,11/24/2015 11:58:51 AM,MDSS01.LC03CALC.DG01EV02|1|1,0|1002,LMS_WJ3
MDSS01.LC03MDC.WJ3LWD50,Water Drop 50 um,11/20/2015 11:58:51 AM,11/24/2015 11:58:51 AM,MDSS01.LC03CALC.DG01EV02|1|1,0|1002,LMS_WJ3
MDSS01.LC03MDC.WJ3LWD70,Water Drop 70 um,11/20/2015 11:58:51 AM,11/24/2015 11:58:51 AM,MDSS01.LC03CALC.DG01EV02|1|1,0|1002,LMS_WJ3
MDSS01.LC03MDC.WJ3LWDXL,Water Drop 100 um,11/20/2015 11:58:51 AM,11/24/2015 11:58:51 AM,MDSS01.LC03CALC.DG01EV02|1|1,0|1002,LMS_WJ3
MDSS01.LC03MDC.WJ3LWPPM,WaterIndex,11/20/2015 11:58:51 AM,11/24/2015 11:58:51 AM,MDSS01.LC03CALC.DG01EV02|1|1,0|1002,LMS_WJ3
MDSS01.LC03MDC.WJ4L_STA,Status,11/20/2015 11:58:51 AM,11/24/2015 11:58:51 AM,MDSS01.LC03CALC.DG01EV02|1|1,0|1002,LMS_WJ4
MDSS01.LC03MDC.WJ4L_FLW,Flow Rate,11/20/2015 11:58:51 AM,11/24/2015 11:58:51 AM,MDSS01.LC03CALC.DG01EV02|1|1,0|1002,LMS_WJ4
MDSS01.LC03MDC.WJ4L_LFR,Last Flow Rate,11/20/2015 11:58:51 AM,11/24/2015 11:58:51 AM,MDSS01.LC03CALC.DG01EV02|1|1,0|1002,LMS_WJ4
MDSS01.LC03MDC.WJ4L_LKV,Leak Value,11/20/2015 11:58:51 AM,11/24/2015 11:58:51 AM,MDSS01.LC03CALC.DG01EV02|1|1,0|1002,LMS_WJ4
MDSS01.LC03MDC.WJ4L_MEM,Memory Usage,11/20/2015 11:58:51 AM,11/24/2015 11:58:51 AM,MDSS01.LC03CALC.DG01EV02|1|1,0|1002,LMS_WJ4
MDSS01.LC03MDC.WJ4L_MN,Mean,11/20/2015 11:58:51 AM,11/24/2015 11:58:51 AM,MDSS01.LC03CALC.DG01EV02|1|1,0|1002,LMS_WJ4
MDSS01.LC03MDC.WJ4L_MNR,Mean Ratio,11/20/2015 11:58:51 AM,11/24/2015 11:58:51 AM,MDSS01.LC03CALC.DG01EV02|1|1,0|1002,LMS_WJ4
MDSS01.LC03MDC.WJ4L_PON,Pump On,11/20/2015 11:58:51 AM,11/24/2015 11:58:51 AM,MDSS01.LC03CALC.DG01EV02|1|1,0|1002,LMS_WJ4
MDSS01.LC03MDC.WJ4L_SEG,Segment Type,11/20/2015 11:58:51 AM,11/24/2015 11:58:51 AM,MDSS01.LC03CALC.DG01EV02|1|1,0|1002,LMS_WJ4
MDSS01.LC03MDC.WJ4LAB20,Air Bubble 20 um,11/20/2015 11:58:51 AM,11/24/2015 11:58:51 AM,MDSS01.LC03CALC.DG01EV02|1|1,0|1002,LMS_WJ4
MDSS01.LC03MDC.WJ4LAB21,Air Bubble 21 um,11/20/2015 11:58:51 AM,11/24/2015 11:58:51 AM,MDSS01.LC03CALC.DG01EV02|1|1,0|1002,LMS_WJ4
MDSS01.LC03MDC.WJ4LAB25,Air Bubble 25 um,11/20/2015 11:58:51 AM,11/24/2015 11:58:51 AM,MDSS01.LC03CALC.DG01EV02|1|1,0|1002,LMS_WJ4
MDSS01.LC03MDC.WJ4LAB38,Air Bubble 38 um,11/20/2015 11:58:51 AM,11/24/2015 11:58:51 AM,MDSS01.LC03CALC.DG01EV02|1|1,0|1002,LMS_WJ4
MDSS01.LC03MDC.WJ4LAB50,Air Bubble 50 um,11/20/2015 11:58:51 AM,11/24/2015 11:58:51 AM,MDSS01.LC03CALC.DG01EV02|1|1,0|1002,LMS_WJ4
MDSS01.LC03MDC.WJ4LAB70,Air Bubble 70 um,11/20/2015 11:58:51 AM,11/24/2015 11:58:51 AM,MDSS01.LC03CALC.DG01EV02|1|1,0|1002,LMS_WJ4
MDSS01.LC03MDC.WJ4LABXL,Air Bubble 100 um,11/20/2015 11:58:51 AM,11/24/2015 11:58:51 AM,MDSS01.LC03CALC.DG01EV02|1|1,0|1002,LMS_WJ4
MDSS01.LC03MDC.WJ4LBSW,BSW,11/20/2015 11:58:51 AM,11/24/2015 11:58:51 AM,MDSS01.LC03CALC.DG01EV02|1|1,0|1002,LMS_WJ4
MDSS01.LC03MDC.WJ4LBTEC,BIT ERROR CODE,11/20/2015 11:58:51 AM,11/24/2015 11:58:51 AM,MDSS01.LC03CALC.DG01EV02|1|1,0|1002,LMS_WJ4
MDSS01.LC03MDC.WJ4LBTST,LNF Run State,11/20/2015 11:58:51 AM,11/24/2015 11:58:51 AM,MDSS01.LC03CALC.DG01EV02|1|1,0|1002,LMS_WJ4
MDSS01.LC03MDC.WJ4LCC20,CutCum20,11/20/2015 11:58:51 AM,11/24/2015 11:58:51 AM,MDSS01.LC03CALC.DG01EV02|1|1,0|1002,LMS_WJ4
MDSS01.LC03MDC.WJ4LCC25,CutCum25,11/20/2015 11:58:51 AM,11/24/2015 11:58:51 AM,MDSS01.LC03CALC.DG01EV02|1|1,0|1002,LMS_WJ4
MDSS01.LC03MDC.WJ4LCC50,CutCum50,11/20/2015 11:58:51 AM,11/24/2015 11:58:51 AM,MDSS01.LC03CALC.DG01EV02|1|1,0|1002,LMS_WJ4
MDSS01.LC03MDC.WJ4LCCMN,CutCntMean,11/20/2015 11:58:51 AM,11/24/2015 11:58:51 AM,MDSS01.LC03CALC.DG01EV02|1|1,0|1002,LMS_WJ4
MDSS01.LC03MDC.WJ4LCCMS,CutMaxSize,11/20/2015 11:58:51 AM,11/24/2015 11:58:51 AM,MDSS01.LC03CALC.DG01EV02|1|1,0|1002,LMS_WJ4
MDSS01.LC03MDC.WJ4LCCSD,CutCntStdDev,11/20/2015 11:58:51 AM,11/24/2015 11:58:51 AM,MDSS01.LC03CALC.DG01EV02|1|1,0|1002,LMS_WJ4
MDSS01.LC03MDC.WJ4LCCXL,CutCum100,11/20/2015 11:58:51 AM,11/24/2015 11:58:51 AM,MDSS01.LC03CALC.DG01EV02|1|1,0|1002,LMS_WJ4
MDSS01.LC03MDC.WJ4LCD04,CDiamCum4,11/20/2015 11:58:51 AM,11/24/2015 11:58:51 AM,MDSS01.LC03CALC.DG01EV02|1|1,0|1002,LMS_WJ4
MDSS01.LC03MDC.WJ4LCD05,CdiamCum5,11/20/2015 11:58:51 AM,11/24/2015 11:58:51 AM,MDSS01.LC03CALC.DG01EV02|1|1,0|1002,LMS_WJ4
MDSS01.LC03MDC.WJ4LCD06,CdiamCum6,11/20/2015 11:58:51 AM,11/24/2015 11:58:51 AM,MDSS01.LC03CALC.DG01EV02|1|1,0|1002,LMS_WJ4
MDSS01.LC03MDC.WJ4LCD10,CdiamCum10,11/20/2015 11:58:51 AM,11/24/2015 11:58:51 AM,MDSS01.LC03CALC.DG01EV02|1|1,0|1002,LMS_WJ4
MDSS01.LC03MDC.WJ4LCD14,CdiamCum14,11/20/2015 11:58:51 AM,11/24/2015 11:58:51 AM,MDSS01.LC03CALC.DG01EV02|1|1,0|1002,LMS_WJ4
MDSS01.LC03MDC.WJ4LCD15,CdiamCum15,11/20/2015 11:58:51 AM,11/24/2015 11:58:51 AM,MDSS01.LC03CALC.DG01EV02|1|1,0|1002,LMS_WJ4
MDSS01.LC03MDC.WJ4LCD20,CdiamCum20,11/20/2015 11:58:51 AM,11/24/2015 11:58:51 AM,MDSS01.LC03CALC.DG01EV02|1|1,0|1002,LMS_WJ4
MDSS01.LC03MDC.WJ4LCD21,CdiamCum21,11/20/2015 11:58:51 AM,11/24/2015 11:58:51 AM,MDSS01.LC03CALC.DG01EV02|1|1,0|1002,LMS_WJ4
MDSS01.LC03MDC.WJ4LCD25,CdiamCum25,11/20/2015 11:58:51 AM,11/24/2015 11:58:51 AM,MDSS01.LC03CALC.DG01EV02|1|1,0|1002,LMS_WJ4
MDSS01.LC03MDC.WJ4LCD38,CdiamCum38,11/20/2015 11:58:51 AM,11/24/2015 11:58:51 AM,MDSS01.LC03CALC.DG01EV02|1|1,0|1002,LMS_WJ4
MDSS01.LC03MDC.WJ4LCD50,CdiamCum50,11/20/2015 11:58:51 AM,11/24/2015 11:58:51 AM,MDSS01.LC03CALC.DG01EV02|1|1,0|1002,LMS_WJ4
MDSS01.LC03MDC.WJ4LCD70,CdiamCum70,11/20/2015 11:58:51 AM,11/24/2015 11:58:51 AM,MDSS01.LC03CALC.DG01EV02|1|1,0|1002,LMS_WJ4
MDSS01.LC03MDC.WJ4LCDXL,CdiamCum10,11/20/2015 11:58:51 AM,11/24/2015 11:58:51 AM,MDSS01.LC03CALC.DG01EV02|1|1,0|1002,LMS_WJ4
MDSS01.LC03MDC.WJ4LCFD,CFD,11/20/2015 11:58:51 AM,11/24/2015 11:58:51 AM,MDSS01.LC03CALC.DG01EV02|1|1,0|1002,LMS_WJ4
MDSS01.LC03MDC.WJ4LCHRN,CameraGain,11/20/2015 11:58:51 AM,11/24/2015 11:58:51 AM,MDSS01.LC03CALC.DG01EV02|1|1,0|1002,LMS_WJ4
MDSS01.LC03MDC.WJ4LFC20,FatCum20,11/20/2015 11:58:51 AM,11/24/2015 11:58:51 AM,MDSS01.LC03CALC.DG01EV02|1|1,0|1002,LMS_WJ4
MDSS01.LC03MDC.WJ4LFC25,FatCum25,11/20/2015 11:58:51 AM,11/24/2015 11:58:51 AM,MDSS01.LC03CALC.DG01EV02|1|1,0|1002,LMS_WJ4
MDSS01.LC03MDC.WJ4LFC50,FatCum50,11/20/2015 11:58:51 AM,11/24/2015 11:58:51 AM,MDSS01.LC03CALC.DG01EV02|1|1,0|1002,LMS_WJ4
MDSS01.LC03MDC.WJ4LFCMN,FatCntMean,11/20/2015 11:58:51 AM,11/24/2015 11:58:51 AM,MDSS01.LC03CALC.DG01EV02|1|1,0|1002,LMS_WJ4
MDSS01.LC03MDC.WJ4LFCMS,FatMaxSize,11/20/2015 11:58:51 AM,11/24/2015 11:58:51 AM,MDSS01.LC03CALC.DG01EV02|1|1,0|1002,LMS_WJ4
MDSS01.LC03MDC.WJ4LFCSD,FatCntStdDev,11/20/2015 11:58:51 AM,11/24/2015 11:58:51 AM,MDSS01.LC03CALC.DG01EV02|1|1,0|1002,LMS_WJ4
MDSS01.LC03MDC.WJ4LFCXL,FatCum100,11/20/2015 11:58:51 AM,11/24/2015 11:58:51 AM,MDSS01.LC03CALC.DG01EV02|1|1,0|1002,LMS_WJ4
MDSS01.LC03MDC.WJ4LFIBE,Fibers,11/20/2015 11:58:51 AM,11/24/2015 11:58:51 AM,MDSS01.LC03CALC.DG01EV02|1|1,0|1002,LMS_WJ4
MDSS01.LC03MDC.WJ4LHAL,HAL,11/20/2015 11:58:51 AM,11/24/2015 11:58:51 AM,MDSS01.LC03CALC.DG01EV02|1|1,0|1002,LMS_WJ4
MDSS01.LC03MDC.WJ4LISO4,ISO4,11/20/2015 11:58:51 AM,11/24/2015 11:58:51 AM,MDSS01.LC03CALC.DG01EV02|1|1,0|1002,LMS_WJ4
MDSS01.LC03MDC.WJ4LISO6,ISO6,11/20/2015 11:58:51 AM,11/24/2015 11:58:51 AM,MDSS01.LC03CALC.DG01EV02|1|1,0|1002,LMS_WJ4
MDSS01.LC03MDC.WJ4LISOL,ISO14,11/20/2015 11:58:51 AM,11/24/2015 11:58:51 AM,MDSS01.LC03CALC.DG01EV02|1|1,0|1002,LMS_WJ4
MDSS01.LC03MDC.WJ4LMD05,MdiamCum5,11/20/2015 11:58:51 AM,11/24/2015 11:58:51 AM,MDSS01.LC03CALC.DG01EV02|1|1,0|1002,LMS_WJ4
MDSS01.LC03MDC.WJ4LMD10,MdiamCum10,11/20/2015 11:58:51 AM,11/24/2015 11:58:51 AM,MDSS01.LC03CALC.DG01EV02|1|1,0|1002,LMS_WJ4
MDSS01.LC03MDC.WJ4LMD15,MdiamCum15,11/20/2015 11:58:51 AM,11/24/2015 11:58:51 AM,MDSS01.LC03CALC.DG01EV02|1|1,0|1002,LMS_WJ4
MDSS01.LC03MDC.WJ4LMD20,MdiamCum20,11/20/2015 11:58:51 AM,11/24/2015 11:58:51 AM,MDSS01.LC03CALC.DG01EV02|1|1,0|1002,LMS_WJ4
MDSS01.LC03MDC.WJ4LMD25,MdiamCum25,11/20/2015 11:58:51 AM,11/24/2015 11:58:51 AM,MDSS01.LC03CALC.DG01EV02|1|1,0|1002,LMS_WJ4
MDSS01.LC03MDC.WJ4LMD50,MDiamCum50,11/20/2015 11:58:51 AM,11/24/2015 11:58:51 AM,MDSS01.LC03CALC.DG01EV02|1|1,0|1002,LMS_WJ4
MDSS01.LC03MDC.WJ4LMDMN,MdiamMeanSize,11/20/2015 11:58:51 AM,11/24/2015 11:58:51 AM,MDSS01.LC03CALC.DG01EV02|1|1,0|1002,LMS_WJ4
MDSS01.LC03MDC.WJ4LMDMS,MdiamMaxSize,11/20/2015 11:58:51 AM,11/24/2015 11:58:51 AM,MDSS01.LC03CALC.DG01EV02|1|1,0|1002,LMS_WJ4
MDSS01.LC03MDC.WJ4LMDSD,MdiamStdDev,11/20/2015 11:58:51 AM,11/24/2015 11:58:51 AM,MDSS01.LC03CALC.DG01EV02|1|1,0|1002,LMS_WJ4
MDSS01.LC03MDC.WJ4LMDXL,MDiamCum10,11/20/2015 11:58:51 AM,11/24/2015 11:58:51 AM,MDSS01.LC03CALC.DG01EV02|1|1,0|1002,LMS_WJ4
MDSS01.LC03MDC.WJ4LNAIR,NAVAIR,11/20/2015 11:58:51 AM,11/24/2015 11:58:51 AM,MDSS01.LC03CALC.DG01EV02|1|1,0|1002,LMS_WJ4
MDSS01.LC03MDC.WJ4LNAS,NAS,11/20/2015 11:58:51 AM,11/24/2015 11:58:51 AM,MDSS01.LC03CALC.DG01EV02|1|1,0|1002,LMS_WJ4
MDSS01.LC03MDC.WJ4LNS05,NAS 5 um,11/20/2015 11:58:51 AM,11/24/2015 11:58:51 AM,MDSS01.LC03CALC.DG01EV02|1|1,0|1002,LMS_WJ4
MDSS01.LC03MDC.WJ4LNS15,NAS 15 um,11/20/2015 11:58:51 AM,11/24/2015 11:58:51 AM,MDSS01.LC03CALC.DG01EV02|1|1,0|1002,LMS_WJ4
MDSS01.LC03MDC.WJ4LNS25,NAS 20 um,11/20/2015 11:58:51 AM,11/24/2015 11:58:51 AM,MDSS01.LC03CALC.DG01EV02|1|1,0|1002,LMS_WJ4
MDSS01.LC03MDC.WJ4LNS50,NAS 50 um,11/20/2015 11:58:51 AM,11/24/2015 11:58:51 AM,MDSS01.LC03CALC.DG01EV02|1|1,0|1002,LMS_WJ4
MDSS01.LC03MDC.WJ4LNSXL,NAS gt 100 um,11/20/2015 11:58:51 AM,11/24/2015 11:58:51 AM,MDSS01.LC03CALC.DG01EV02|1|1,0|1002,LMS_WJ4
MDSS01.LC03MDC.WJ4LNV05,NAV Code 5 um,11/20/2015 11:58:51 AM,11/24/2015 11:58:51 AM,MDSS01.LC03CALC.DG01EV02|1|1,0|1002,LMS_WJ4
MDSS01.LC03MDC.WJ4LNV15,NAV Code 15 um,11/20/2015 11:58:51 AM,11/24/2015 11:58:51 AM,MDSS01.LC03CALC.DG01EV02|1|1,0|1002,LMS_WJ4
MDSS01.LC03MDC.WJ4LNV25,NAV Code 20 um,11/20/2015 11:58:51 AM,11/24/2015 11:58:51 AM,MDSS01.LC03CALC.DG01EV02|1|1,0|1002,LMS_WJ4
MDSS01.LC03MDC.WJ4LNV50,NAV Code 50 um,11/20/2015 11:58:51 AM,11/24/2015 11:58:51 AM,MDSS01.LC03CALC.DG01EV02|1|1,0|1002,LMS_WJ4
MDSS01.LC03MDC.WJ4LNVXL,NAV Code gt 100 um,11/20/2015 11:58:51 AM,11/24/2015 11:58:51 AM,MDSS01.LC03CALC.DG01EV02|1|1,0|1002,LMS_WJ4
MDSS01.LC03MDC.WJ4LOC20,Other Cum 20 um,11/20/2015 11:58:51 AM,11/24/2015 11:58:51 AM,MDSS01.LC03CALC.DG01EV02|1|1,0|1002,LMS_WJ4
MDSS01.LC03MDC.WJ4LOC25,OtherCum25,11/20/2015 11:58:51 AM,11/24/2015 11:58:51 AM,MDSS01.LC03CALC.DG01EV02|1|1,0|1002,LMS_WJ4
MDSS01.LC03MDC.WJ4LOC50,OtherCum50,11/20/2015 11:58:51 AM,11/24/2015 11:58:51 AM,MDSS01.LC03CALC.DG01EV02|1|1,0|1002,LMS_WJ4
MDSS01.LC03MDC.WJ4LOCMN,OtherCntMean,11/20/2015 11:58:51 AM,11/24/2015 11:58:51 AM,MDSS01.LC03CALC.DG01EV02|1|1,0|1002,LMS_WJ4
MDSS01.LC03MDC.WJ4LOCMS,OtherMaxSize,11/20/2015 11:58:51 AM,11/24/2015 11:58:51 AM,MDSS01.LC03CALC.DG01EV02|1|1,0|1002,LMS_WJ4
MDSS01.LC03MDC.WJ4LOCSD,OtherCntStdDev,11/20/2015 11:58:51 AM,11/24/2015 11:58:51 AM,MDSS01.LC03CALC.DG01EV02|1|1,0|1002,LMS_WJ4
MDSS01.LC03MDC.WJ4LOCXL,OtherCum100,11/20/2015 11:58:51 AM,11/24/2015 11:58:51 AM,MDSS01.LC03CALC.DG01EV02|1|1,0|1002,LMS_WJ4
MDSS01.LC03MDC.WJ4LOX20,OxideCum20,11/20/2015 11:58:51 AM,11/24/2015 11:58:51 AM,MDSS01.LC03CALC.DG01EV02|1|1,0|1002,LMS_WJ4
MDSS01.LC03MDC.WJ4LOX25,OxideCum25,11/20/2015 11:58:51 AM,11/24/2015 11:58:51 AM,MDSS01.LC03CALC.DG01EV02|1|1,0|1002,LMS_WJ4
MDSS01.LC03MDC.WJ4LOX50,OxideCum50,11/20/2015 11:58:51 AM,11/24/2015 11:58:51 AM,MDSS01.LC03CALC.DG01EV02|1|1,0|1002,LMS_WJ4
MDSS01.LC03MDC.WJ4LOXMN,OxideCntMean,11/20/2015 11:58:51 AM,11/24/2015 11:58:51 AM,MDSS01.LC03CALC.DG01EV02|1|1,0|1002,LMS_WJ4
MDSS01.LC03MDC.WJ4LOXMS,OxideMaxSize,11/20/2015 11:58:51 AM,11/24/2015 11:58:51 AM,MDSS01.LC03CALC.DG01EV02|1|1,0|1002,LMS_WJ4
MDSS01.LC03MDC.WJ4LOXSD,OxideCntStdDev,11/20/2015 11:58:51 AM,11/24/2015 11:58:51 AM,MDSS01.LC03CALC.DG01EV02|1|1,0|1002,LMS_WJ4
MDSS01.LC03MDC.WJ4LOXXL,OxideCum100,11/20/2015 11:58:51 AM,11/24/2015 11:58:51 AM,MDSS01.LC03CALC.DG01EV02|1|1,0|1002,LMS_WJ4
MDSS01.LC03MDC.WJ4LSA04,SAE4,11/20/2015 11:58:51 AM,11/24/2015 11:58:51 AM,MDSS01.LC03CALC.DG01EV02|1|1,0|1002,LMS_WJ4
MDSS01.LC03MDC.WJ4LSA06,SAE6,11/20/2015 11:58:51 AM,11/24/2015 11:58:51 AM,MDSS01.LC03CALC.DG01EV02|1|1,0|1002,LMS_WJ4
MDSS01.LC03MDC.WJ4LSA14,SAE14,11/20/2015 11:58:51 AM,11/24/2015 11:58:51 AM,MDSS01.LC03CALC.DG01EV02|1|1,0|1002,LMS_WJ4
MDSS01.LC03MDC.WJ4LSA21,SAE21,11/20/2015 11:58:51 AM,11/24/2015 11:58:51 AM,MDSS01.LC03CALC.DG01EV02|1|1,0|1002,LMS_WJ4
MDSS01.LC03MDC.WJ4LSA38,SAE38,11/20/2015 11:58:51 AM,11/24/2015 11:58:51 AM,MDSS01.LC03CALC.DG01EV02|1|1,0|1002,LMS_WJ4
MDSS01.LC03MDC.WJ4LSA70,SAE70,11/20/2015 11:58:51 AM,11/24/2015 11:58:51 AM,MDSS01.LC03CALC.DG01EV02|1|1,0|1002,LMS_WJ4
MDSS01.LC03MDC.WJ4LSAE,SAE,11/20/2015 11:58:51 AM,11/24/2015 11:58:51 AM,MDSS01.LC03CALC.DG01EV02|1|1,0|1002,LMS_WJ4
MDSS01.LC03MDC.WJ4LSAEM,SAEmax,11/20/2015 11:58:51 AM,11/24/2015 11:58:51 AM,MDSS01.LC03CALC.DG01EV02|1|1,0|1002,LMS_WJ4
MDSS01.LC03MDC.WJ4LSC20,SlideCum20,11/20/2015 11:58:51 AM,11/24/2015 11:58:51 AM,MDSS01.LC03CALC.DG01EV02|1|1,0|1002,LMS_WJ4
MDSS01.LC03MDC.WJ4LSC25,SlideCum25,11/20/2015 11:58:51 AM,11/24/2015 11:58:51 AM,MDSS01.LC03CALC.DG01EV02|1|1,0|1002,LMS_WJ4
MDSS01.LC03MDC.WJ4LSC50,SlideCum50,11/20/2015 11:58:51 AM,11/24/2015 11:58:51 AM,MDSS01.LC03CALC.DG01EV02|1|1,0|1002,LMS_WJ4
MDSS01.LC03MDC.WJ4LSCMN,SlideCntMean,11/20/2015 11:58:51 AM,11/24/2015 11:58:51 AM,MDSS01.LC03CALC.DG01EV02|1|1,0|1002,LMS_WJ4
MDSS01.LC03MDC.WJ4LSCMS,SlideMaxSize,11/20/2015 11:58:51 AM,11/24/2015 11:58:51 AM,MDSS01.LC03CALC.DG01EV02|1|1,0|1002,LMS_WJ4
MDSS01.LC03MDC.WJ4LSCSD,SlideCntStdDev,11/20/2015 11:58:51 AM,11/24/2015 11:58:51 AM,MDSS01.LC03CALC.DG01EV02|1|1,0|1002,LMS_WJ4
MDSS01.LC03MDC.WJ4LSCXL,SlideCum100,11/20/2015 11:58:51 AM,11/24/2015 11:58:51 AM,MDSS01.LC03CALC.DG01EV02|1|1,0|1002,LMS_WJ4
MDSS01.LC03MDC.WJ4LSOOT,PctSoot,11/20/2015 11:58:51 AM,11/24/2015 11:58:51 AM,MDSS01.LC03CALC.DG01EV02|1|1,0|1002,LMS_WJ4
MDSS01.LC03MDC.WJ4LT_IN,Temp IN,11/20/2015 11:58:51 AM,11/24/2015 11:58:51 AM,MDSS01.LC03CALC.DG01EV02|1|1,0|1002,LMS_WJ4
MDSS01.LC03MDC.WJ4LT_OU,Temp Out,11/20/2015 11:58:51 AM,11/24/2015 11:58:51 AM,MDSS01.LC03CALC.DG01EV02|1|1,0|1002,LMS_WJ4
MDSS01.LC03MDC.WJ4LUC_1,User Count 1,11/20/2015 11:58:51 AM,11/24/2015 11:58:51 AM,MDSS01.LC03CALC.DG01EV02|1|1,0|1002,LMS_WJ4
MDSS01.LC03MDC.WJ4LUC_2,User Count 2,11/20/2015 11:58:51 AM,11/24/2015 11:58:51 AM,MDSS01.LC03CALC.DG01EV02|1|1,0|1002,LMS_WJ4
MDSS01.LC03MDC.WJ4LUC_3,User Count 3,11/20/2015 11:58:51 AM,11/24/2015 11:58:51 AM,MDSS01.LC03CALC.DG01EV02|1|1,0|1002,LMS_WJ4
MDSS01.LC03MDC.WJ4LUC_4,User Count 4,11/20/2015 11:58:51 AM,11/24/2015 11:58:51 AM,MDSS01.LC03CALC.DG01EV02|1|1,0|1002,LMS_WJ4
MDSS01.LC03MDC.WJ4LUC_5,User Count 5,11/20/2015 11:58:51 AM,11/24/2015 11:58:51 AM,MDSS01.LC03CALC.DG01EV02|1|1,0|1002,LMS_WJ4
MDSS01.LC03MDC.WJ4LUC_6,User Count 6,11/20/2015 11:58:51 AM,11/24/2015 11:58:51 AM,MDSS01.LC03CALC.DG01EV02|1|1,0|1002,LMS_WJ4
MDSS01.LC03MDC.WJ4LUS_1,User Size 1,11/20/2015 11:58:51 AM,11/24/2015 11:58:51 AM,MDSS01.LC03CALC.DG01EV02|1|1,0|1002,LMS_WJ4
MDSS01.LC03MDC.WJ4LUS_2,User Size 2,11/20/2015 11:58:51 AM,11/24/2015 11:58:51 AM,MDSS01.LC03CALC.DG01EV02|1|1,0|1002,LMS_WJ4
MDSS01.LC03MDC.WJ4LUS_3,User Size 3,11/20/2015 11:58:51 AM,11/24/2015 11:58:51 AM,MDSS01.LC03CALC.DG01EV02|1|1,0|1002,LMS_WJ4
MDSS01.LC03MDC.WJ4LUS_4,User Size 4,11/20/2015 11:58:51 AM,11/24/2015 11:58:51 AM,MDSS01.LC03CALC.DG01EV02|1|1,0|1002,LMS_WJ4
MDSS01.LC03MDC.WJ4LUS_5,User Size 5,11/20/2015 11:58:51 AM,11/24/2015 11:58:51 AM,MDSS01.LC03CALC.DG01EV02|1|1,0|1002,LMS_WJ4
MDSS01.LC03MDC.WJ4LUS_6,User Size 6,11/20/2015 11:58:51 AM,11/24/2015 11:58:51 AM,MDSS01.LC03CALC.DG01EV02|1|1,0|1002,LMS_WJ4
MDSS01.LC03MDC.WJ4LVISC,Viscosity40C,11/20/2015 11:58:51 AM,11/24/2015 11:58:51 AM,MDSS01.LC03CALC.DG01EV02|1|1,0|1002,LMS_WJ4
MDSS01.LC03MDC.WJ4LWBIN,WearBin,11/20/2015 11:58:51 AM,11/24/2015 11:58:51 AM,MDSS01.LC03CALC.DG01EV02|1|1,0|1002,LMS_WJ4
MDSS01.LC03MDC.WJ4LWD20,Water Drop 20 um,11/20/2015 11:58:51 AM,11/24/2015 11:58:51 AM,MDSS01.LC03CALC.DG01EV02|1|1,0|1002,LMS_WJ4
MDSS01.LC03MDC.WJ4LWD21,Water Drop 21 um,11/20/2015 11:58:51 AM,11/24/2015 11:58:51 AM,MDSS01.LC03CALC.DG01EV02|1|1,0|1002,LMS_WJ4
MDSS01.LC03MDC.WJ4LWD25,Water Drop 25 um,11/20/2015 11:58:51 AM,11/24/2015 11:58:51 AM,MDSS01.LC03CALC.DG01EV02|1|1,0|1002,LMS_WJ4
MDSS01.LC03MDC.WJ4LWD38,Water Drop 38 um,11/20/2015 11:58:51 AM,11/24/2015 11:58:51 AM,MDSS01.LC03CALC.DG01EV02|1|1,0|1002,LMS_WJ4
MDSS01.LC03MDC.WJ4LWD50,Water Drop 50 um,11/20/2015 11:58:51 AM,11/24/2015 11:58:51 AM,MDSS01.LC03CALC.DG01EV02|1|1,0|1002,LMS_WJ4
MDSS01.LC03MDC.WJ4LWD70,Water Drop 70 um,11/20/2015 11:58:51 AM,11/24/2015 11:58:51 AM,MDSS01.LC03CALC.DG01EV02|1|1,0|1002,LMS_WJ4
MDSS01.LC03MDC.WJ4LWDXL,Water Drop 100 um,11/20/2015 11:58:51 AM,11/24/2015 11:58:51 AM,MDSS01.LC03CALC.DG01EV02|1|1,0|1002,LMS_WJ4
MDSS01.LC03MDC.WJ4LWPPM,WaterIndex,11/20/2015 11:58:51 AM,11/24/2015 11:58:51 AM,MDSS01.LC03CALC.DG01EV02|1|1,0|1002,LMS_WJ4
