MDSS01.LC03CALC.PD01CA64,PD01 Boost Pressure Deviation A,1/1/2001 1:01,1/1/2001 1:01,MDSS01.LC03OPC.PD01SI02|200|99999,,EHA
MDSS01.LC03CALC.PD01CA65,PD01 Boost Pressure Deviation B,1/1/2001 1:01,1/1/2001 1:01,MDSS01.LC03OPC.PD01SI02|200|99999,,EHA
MDSS01.LC03CALC.PD01CA49,PD01 Air Manifold Pressure Deviation,1/1/2001 1:01,1/1/2001 1:01,MDSS01.LC03OPC.PD01SI02|200|99999,,EHA
MDSS01.LC03CALC.PD01CA33,PD01 Boost Pressure Mismatch,1/1/2001 1:01,1/1/2001 1:01,MDSS01.LC03OPC.PD01SI02|200|99999,,EHA
MDSS01.LC03OPC.PD01TI66,PD01 Charge Air Temp,1/1/2001 1:01,1/1/2001 1:01,MDSS01.LC03OPC.PD01SI02|200|99999,,EHA
MDSS01.LC03OPC.PD01TI01,PD01 EGT A1,1/1/2001 1:01,1/1/2001 1:01,MDSS01.LC03OPC.PD01SI02|200|99999,,EHA
MDSS01.LC03OPC.PD01TI02,PD01 EGT A2,1/1/2001 1:01,1/1/2001 1:01,MDSS01.LC03OPC.PD01SI02|200|99999,,EHA
MDSS01.LC03OPC.PD01TI03,PD01 EGT A3,1/1/2001 1:01,1/1/2001 1:01,MDSS01.LC03OPC.PD01SI02|200|99999,,EHA
MDSS01.LC03OPC.PD01TI04,PD01 EGT A4,1/1/2001 1:01,1/1/2001 1:01,MDSS01.LC03OPC.PD01SI02|200|99999,,EHA
MDSS01.LC03OPC.PD01TI05,PD01 EGT A5,1/1/2001 1:01,1/1/2001 1:01,MDSS01.LC03OPC.PD01SI02|200|99999,,EHA
MDSS01.LC03OPC.PD01TI06,PD01 EGT A6,1/1/2001 1:01,1/1/2001 1:01,MDSS01.LC03OPC.PD01SI02|200|99999,,EHA
MDSS01.LC03OPC.PD01TI07,PD01 EGT A7,1/1/2001 1:01,1/1/2001 1:01,MDSS01.LC03OPC.PD01SI02|200|99999,,EHA
MDSS01.LC03OPC.PD01TI08,PD01 EGT A8,1/1/2001 1:01,1/1/2001 1:01,MDSS01.LC03OPC.PD01SI02|200|99999,,EHA
MDSS01.LC03OPC.PD01TI09,PD01 EGT B1,1/1/2001 1:01,1/1/2001 1:01,MDSS01.LC03OPC.PD01SI02|200|99999,,EHA
MDSS01.LC03OPC.PD01TI10,PD01 EGT B2,1/1/2001 1:01,1/1/2001 1:01,MDSS01.LC03OPC.PD01SI02|200|99999,,EHA
MDSS01.LC03OPC.PD01TI11,PD01 EGT B3,1/1/2001 1:01,1/1/2001 1:01,MDSS01.LC03OPC.PD01SI02|200|99999,,EHA
MDSS01.LC03OPC.PD01TI12,PD01 EGT B4,1/1/2001 1:01,1/1/2001 1:01,MDSS01.LC03OPC.PD01SI02|200|99999,,EHA
MDSS01.LC03OPC.PD01TI13,PD01 EGT B5,1/1/2001 1:01,1/1/2001 1:01,MDSS01.LC03OPC.PD01SI02|200|99999,,EHA
MDSS01.LC03OPC.PD01TI14,PD01 EGT B6,1/1/2001 1:01,1/1/2001 1:01,MDSS01.LC03OPC.PD01SI02|200|99999,,EHA
MDSS01.LC03OPC.PD01TI15,PD01 EGT B7,1/1/2001 1:01,1/1/2001 1:01,MDSS01.LC03OPC.PD01SI02|200|99999,,EHA
MDSS01.LC03OPC.PD01TI16,PD01 EGT B8,1/1/2001 1:01,1/1/2001 1:01,MDSS01.LC03OPC.PD01SI02|200|99999,,EHA
MDSS01.LC03CALC.PD01CA21,PD01 EGT Turbo Outlet Deviation A,1/1/2001 1:01,1/1/2001 1:01,MDSS01.LC03OPC.PD01SI02|200|99999,,EHA
MDSS01.LC03CALC.PD01CA20,PD01 EGT Turbo Outlet Deviation B,1/1/2001 1:01,1/1/2001 1:01,MDSS01.LC03OPC.PD01SI02|200|99999,,EHA
MDSS01.LC03CALC.PD01CA26,PD01 Fuel Rack Position Deviation,1/1/2001 1:01,1/1/2001 1:01,MDSS01.LC03OPC.PD01SI02|200|99999,,EHA
MDSS01.LC03OPC.PD01TI57,PD01 Connecting Rod Bearing Temp 1,1/1/2001 1:01,1/1/2001 1:01,MDSS01.LC03OPC.PD01SI02|200|99999,,EHA
MDSS01.LC03OPC.PD01TI58,PD01 Connecting Rod Bearing Temp 2,1/1/2001 1:01,1/1/2001 1:01,MDSS01.LC03OPC.PD01SI02|200|99999,,EHA
MDSS01.LC03OPC.PD01TI59,PD01 Connecting Rod Bearing Temp 3,1/1/2001 1:01,1/1/2001 1:01,MDSS01.LC03OPC.PD01SI02|200|99999,,EHA
MDSS01.LC03OPC.PD01TI60,PD01 Connecting Rod Bearing Temp 4,1/1/2001 1:01,1/1/2001 1:01,MDSS01.LC03OPC.PD01SI02|200|99999,,EHA
MDSS01.LC03OPC.PD01TI61,PD01 Connecting Rod Bearing Temp 5,1/1/2001 1:01,1/1/2001 1:01,MDSS01.LC03OPC.PD01SI02|200|99999,,EHA
MDSS01.LC03OPC.PD01TI62,PD01 Connecting Rod Bearing Temp 6,1/1/2001 1:01,1/1/2001 1:01,MDSS01.LC03OPC.PD01SI02|200|99999,,EHA
MDSS01.LC03OPC.PD01TI63,PD01 Connecting Rod Bearing Temp 7,1/1/2001 1:01,1/1/2001 1:01,MDSS01.LC03OPC.PD01SI02|200|99999,,EHA
MDSS01.LC03OPC.PD01TI64,PD01 Connecting Rod Bearing Temp 8,1/1/2001 1:01,1/1/2001 1:01,MDSS01.LC03OPC.PD01SI02|200|99999,,EHA
MDSS01.LC03CALC.PD01CA32,PD01 Connecting Rod Bearing Temp Deviation,1/1/2001 1:01,1/1/2001 1:01,MDSS01.LC03OPC.PD01SI02|200|99999,,EHA
MDSS01.LC03OPC.PD01TI39,PD01 Main Bearing Temp 1,1/1/2001 1:01,1/1/2001 1:01,MDSS01.LC03OPC.PD01SI02|200|99999,,EHA
MDSS01.LC03OPC.PD01TI40,PD01 Main Bearing Temp 2,1/1/2001 1:01,1/1/2001 1:01,MDSS01.LC03OPC.PD01SI02|200|99999,,EHA
MDSS01.LC03OPC.PD01TI41,PD01 Main Bearing Temp 3,1/1/2001 1:01,1/1/2001 1:01,MDSS01.LC03OPC.PD01SI02|200|99999,,EHA
MDSS01.LC03OPC.PD01TI42,PD01 Main Bearing Temp 4,1/1/2001 1:01,1/1/2001 1:01,MDSS01.LC03OPC.PD01SI02|200|99999,,EHA
MDSS01.LC03OPC.PD01TI43,PD01 Main Bearing Temp 5,1/1/2001 1:01,1/1/2001 1:01,MDSS01.LC03OPC.PD01SI02|200|99999,,EHA
MDSS01.LC03OPC.PD01TI44,PD01 Main Bearing Temp 6,1/1/2001 1:01,1/1/2001 1:01,MDSS01.LC03OPC.PD01SI02|200|99999,,EHA
MDSS01.LC03OPC.PD01TI45,PD01 Main Bearing Temp 7,1/1/2001 1:01,1/1/2001 1:01,MDSS01.LC03OPC.PD01SI02|200|99999,,EHA
MDSS01.LC03OPC.PD01TI46,PD01 Main Bearing Temp 8,1/1/2001 1:01,1/1/2001 1:01,MDSS01.LC03OPC.PD01SI02|200|99999,,EHA
MDSS01.LC03OPC.PD01TI47,PD01 Main Bearing Temp 9,1/1/2001 1:01,1/1/2001 1:01,MDSS01.LC03OPC.PD01SI02|200|99999,,EHA
MDSS01.LC03CALC.PD01CA38,PD01 Main Bearing Temp Deviation,1/1/2001 1:01,1/1/2001 1:01,MDSS01.LC03OPC.PD01SI02|200|99999,,EHA
MDSS01.LC03OPC.PD01TI69,PD01 LO Inlet Temp,1/1/2001 1:01,1/1/2001 1:01,MDSS01.LC03OPC.PD01SI02|200|99999,,EHA
MDSS01.LC03OPC.PD01TI74,PD01 JW Temp,1/1/2001 1:01,1/1/2001 1:01,MDSS01.LC03OPC.PD01SI02|200|99999,,EHA
MDSS01.LC03CALC.PD02CA64,PD02 Boost Pressure Deviation A,1/1/2001 1:01,1/1/2001 1:01,MDSS01.LC03OPC.PD02SI02|200|99999,,EHA
MDSS01.LC03CALC.PD02CA65,PD02 Boost Pressure Deviation B,1/1/2001 1:01,1/1/2001 1:01,MDSS01.LC03OPC.PD02SI02|200|99999,,EHA
MDSS01.LC03CALC.PD02CA49,PD02 Air Manifold Pressure Deviation,1/1/2001 1:01,1/1/2001 1:01,MDSS01.LC03OPC.PD02SI02|200|99999,,EHA
MDSS01.LC03CALC.PD02CA33,PD02 Boost Pressure Mismatch,1/1/2001 1:01,1/1/2001 1:01,MDSS01.LC03OPC.PD02SI02|200|99999,,EHA
MDSS01.LC03OPC.PD02TI66,PD02 Charge Air Temp,1/1/2001 1:01,1/1/2001 1:01,MDSS01.LC03OPC.PD02SI02|200|99999,,EHA
MDSS01.LC03OPC.PD02TI01,PD02 EGT A1,1/1/2001 1:01,1/1/2001 1:01,MDSS01.LC03OPC.PD02SI02|200|99999,,EHA
MDSS01.LC03OPC.PD02TI02,PD02 EGT A2,1/1/2001 1:01,1/1/2001 1:01,MDSS01.LC03OPC.PD02SI02|200|99999,,EHA
MDSS01.LC03OPC.PD02TI03,PD02 EGT A3,1/1/2001 1:01,1/1/2001 1:01,MDSS01.LC03OPC.PD02SI02|200|99999,,EHA
MDSS01.LC03OPC.PD02TI04,PD02 EGT A4,1/1/2001 1:01,1/1/2001 1:01,MDSS01.LC03OPC.PD02SI02|200|99999,,EHA
MDSS01.LC03OPC.PD02TI05,PD02 EGT A5,1/1/2001 1:01,1/1/2001 1:01,MDSS01.LC03OPC.PD02SI02|200|99999,,EHA
MDSS01.LC03OPC.PD02TI06,PD02 EGT A6,1/1/2001 1:01,1/1/2001 1:01,MDSS01.LC03OPC.PD02SI02|200|99999,,EHA
MDSS01.LC03OPC.PD02TI07,PD02 EGT A7,1/1/2001 1:01,1/1/2001 1:01,MDSS01.LC03OPC.PD02SI02|200|99999,,EHA
MDSS01.LC03OPC.PD02TI08,PD02 EGT A8,1/1/2001 1:01,1/1/2001 1:01,MDSS01.LC03OPC.PD02SI02|200|99999,,EHA
MDSS01.LC03OPC.PD02TI09,PD02 EGT B1,1/1/2001 1:01,1/1/2001 1:01,MDSS01.LC03OPC.PD02SI02|200|99999,,EHA
MDSS01.LC03OPC.PD02TI10,PD02 EGT B2,1/1/2001 1:01,1/1/2001 1:01,MDSS01.LC03OPC.PD02SI02|200|99999,,EHA
MDSS01.LC03OPC.PD02TI11,PD02 EGT B3,1/1/2001 1:01,1/1/2001 1:01,MDSS01.LC03OPC.PD02SI02|200|99999,,EHA
MDSS01.LC03OPC.PD02TI12,PD02 EGT B4,1/1/2001 1:01,1/1/2001 1:01,MDSS01.LC03OPC.PD02SI02|200|99999,,EHA
MDSS01.LC03OPC.PD02TI13,PD02 EGT B5,1/1/2001 1:01,1/1/2001 1:01,MDSS01.LC03OPC.PD02SI02|200|99999,,EHA
MDSS01.LC03OPC.PD02TI14,PD02 EGT B6,1/1/2001 1:01,1/1/2001 1:01,MDSS01.LC03OPC.PD02SI02|200|99999,,EHA
MDSS01.LC03OPC.PD02TI15,PD02 EGT B7,1/1/2001 1:01,1/1/2001 1:01,MDSS01.LC03OPC.PD02SI02|200|99999,,EHA
MDSS01.LC03OPC.PD02TI16,PD02 EGT B8,1/1/2001 1:01,1/1/2001 1:01,MDSS01.LC03OPC.PD02SI02|200|99999,,EHA
MDSS01.LC03CALC.PD02CA21,PD02 EGT Turbo Outlet Deviation A,1/1/2001 1:01,1/1/2001 1:01,MDSS01.LC03OPC.PD02SI02|200|99999,,EHA
MDSS01.LC03CALC.PD02CA20,PD02 EGT Turbo Outlet Deviation B,1/1/2001 1:01,1/1/2001 1:01,MDSS01.LC03OPC.PD02SI02|200|99999,,EHA
MDSS01.LC03CALC.PD02CA26,PD02 Fuel Rack Position Deviation,1/1/2001 1:01,1/1/2001 1:01,MDSS01.LC03OPC.PD02SI02|200|99999,,EHA
MDSS01.LC03OPC.PD02TI57,PD02 Connecting Rod Bearing Temp 1,1/1/2001 1:01,1/1/2001 1:01,MDSS01.LC03OPC.PD02SI02|200|99999,,EHA
MDSS01.LC03OPC.PD02TI58,PD02 Connecting Rod Bearing Temp 2,1/1/2001 1:01,1/1/2001 1:01,MDSS01.LC03OPC.PD02SI02|200|99999,,EHA
MDSS01.LC03OPC.PD02TI59,PD02 Connecting Rod Bearing Temp 3,1/1/2001 1:01,1/1/2001 1:01,MDSS01.LC03OPC.PD02SI02|200|99999,,EHA
MDSS01.LC03OPC.PD02TI60,PD02 Connecting Rod Bearing Temp 4,1/1/2001 1:01,1/1/2001 1:01,MDSS01.LC03OPC.PD02SI02|200|99999,,EHA
MDSS01.LC03OPC.PD02TI61,PD02 Connecting Rod Bearing Temp 5,1/1/2001 1:01,1/1/2001 1:01,MDSS01.LC03OPC.PD02SI02|200|99999,,EHA
MDSS01.LC03OPC.PD02TI62,PD02 Connecting Rod Bearing Temp 6,1/1/2001 1:01,1/1/2001 1:01,MDSS01.LC03OPC.PD02SI02|200|99999,,EHA
MDSS01.LC03OPC.PD02TI63,PD02 Connecting Rod Bearing Temp 7,1/1/2001 1:01,1/1/2001 1:01,MDSS01.LC03OPC.PD02SI02|200|99999,,EHA
MDSS01.LC03OPC.PD02TI64,PD02 Connecting Rod Bearing Temp 8,1/1/2001 1:01,1/1/2001 1:01,MDSS01.LC03OPC.PD02SI02|200|99999,,EHA
MDSS01.LC03CALC.PD02CA32,PD02 Connecting Rod Bearing Temp Deviation,1/1/2001 1:01,1/1/2001 1:01,MDSS01.LC03OPC.PD02SI02|200|99999,,EHA
MDSS01.LC03OPC.PD02TI39,PD02 Main Bearing Temp 1,1/1/2001 1:01,1/1/2001 1:01,MDSS01.LC03OPC.PD02SI02|200|99999,,EHA
MDSS01.LC03OPC.PD02TI40,PD02 Main Bearing Temp 2,1/1/2001 1:01,1/1/2001 1:01,MDSS01.LC03OPC.PD02SI02|200|99999,,EHA
MDSS01.LC03OPC.PD02TI41,PD02 Main Bearing Temp 3,1/1/2001 1:01,1/1/2001 1:01,MDSS01.LC03OPC.PD02SI02|200|99999,,EHA
MDSS01.LC03OPC.PD02TI42,PD02 Main Bearing Temp 4,1/1/2001 1:01,1/1/2001 1:01,MDSS01.LC03OPC.PD02SI02|200|99999,,EHA
MDSS01.LC03OPC.PD02TI43,PD02 Main Bearing Temp 5,1/1/2001 1:01,1/1/2001 1:01,MDSS01.LC03OPC.PD02SI02|200|99999,,EHA
MDSS01.LC03OPC.PD02TI44,PD02 Main Bearing Temp 6,1/1/2001 1:01,1/1/2001 1:01,MDSS01.LC03OPC.PD02SI02|200|99999,,EHA
MDSS01.LC03OPC.PD02TI45,PD02 Main Bearing Temp 7,1/1/2001 1:01,1/1/2001 1:01,MDSS01.LC03OPC.PD02SI02|200|99999,,EHA
MDSS01.LC03OPC.PD02TI46,PD02 Main Bearing Temp 8,1/1/2001 1:01,1/1/2001 1:01,MDSS01.LC03OPC.PD02SI02|200|99999,,EHA
MDSS01.LC03OPC.PD02TI47,PD02 Main Bearing Temp 9,1/1/2001 1:01,1/1/2001 1:01,MDSS01.LC03OPC.PD02SI02|200|99999,,EHA
MDSS01.LC03CALC.PD02CA38,PD02 Main Bearing Temp Deviation,1/1/2001 1:01,1/1/2001 1:01,MDSS01.LC03OPC.PD02SI02|200|99999,,EHA
MDSS01.LC03OPC.PD02TI69,PD02 LO Inlet Temp,1/1/2001 1:01,1/1/2001 1:01,MDSS01.LC03OPC.PD02SI02|200|99999,,EHA
MDSS01.LC03OPC.PD02TI74,PD02 JW Temp,1/1/2001 1:01,1/1/2001 1:01,MDSS01.LC03OPC.PD02SI02|200|99999,,EHA
MDSS01.LC03CALC.GT01CA12,GT01 VSV Position Deviation,1/1/2001 1:01,1/1/2001 1:01,MDSS01.LC03OPC.GT01SI01|6000|9999999,,EHA
MDSS01.LC03CALC.GSCATI13,GT01 Intake Temp,1/1/2001 1:01,1/1/2001 1:01,MDSS01.LC03OPC.GT01SI01|6000|9999999,,EHA
MDSS01.LC03CALC.GT01CA20,GT01 IP Exit Temp Deviation,1/1/2001 1:01,1/1/2001 1:01,MDSS01.LC03OPC.GT01SI01|6000|9999999,,EHA
MDSS01.LC03CALC.GT01CA22,GT01 Combustor Inlet Temp Deviation,1/1/2001 1:01,1/1/2001 1:01,MDSS01.LC03OPC.GT01SI01|6000|9999999,,EHA
MDSS01.LC03CALC.GT01CA68,GT01 Power Turbine Inlet Temp Deviation,1/1/2001 1:01,1/1/2001 1:01,MDSS01.LC03OPC.GT01SI01|6000|9999999,,EHA
MDSS01.LC03CALC.GT01CA14,GT01 IP Exit Pressure Deviation,1/1/2001 1:01,1/1/2001 1:01,MDSS01.LC03OPC.GT01SI01|6000|9999999,,EHA
MDSS01.LC03CALC.GT01CA16,GT01 Combustor Inlet Pressure Deviation,1/1/2001 1:01,1/1/2001 1:01,MDSS01.LC03OPC.GT01SI01|6000|9999999,,EHA
MDSS01.LC03CALC.GT01CA18,GT01 Power Turbine Inlet Pressure Deviation,1/1/2001 1:01,1/1/2001 1:01,MDSS01.LC03OPC.GT01SI01|6000|9999999,,EHA
MDSS01.LC03CALC.GT01CA59,GT01 Combined Scavenge Diff Temp Deviation,1/1/2001 1:01,1/1/2001 1:01,MDSS01.LC03OPC.GT01SI01|6000|9999999,,EHA
MDSS01.LC03CALC.GT01CA25,GT01 Tail Bearing Diff Temp Deviation,1/1/2001 1:01,1/1/2001 1:01,MDSS01.LC03OPC.GT01SI01|6000|9999999,,EHA
MDSS01.LC03CALC.GT01CA61,GT01 FMV Inlet Pressure Deviation,1/1/2001 1:01,1/1/2001 1:01,MDSS01.LC03OPC.GT01SI01|6000|9999999,,EHA
MDSS01.LC03CALC.GT01CA10,GT01 Fuel Mass Flow Deviation A,1/1/2001 1:01,1/1/2001 1:01,MDSS01.LC03OPC.GT01SI01|6000|9999999,,EHA
MDSS01.LC03CALC.GT01CA75,GT01 Fuel Mass Flow Deviation B,1/1/2001 1:01,1/1/2001 1:01,MDSS01.LC03OPC.GT01SI01|6000|9999999,,EHA
MDSS01.LC03CALC.GT01CA65,GT01 WCAC SW dP,1/1/2001 1:01,1/1/2001 1:01,MDSS01.LC03OPC.GT01SI01|6000|9999999,,EHA
MDSS01.LC03CALC.GSCAVI06,GT01 Broadband Front Displacement Vibration,1/1/2001 1:01,1/1/2001 1:01,MDSS01.LC03OPC.GT01SI01|6000|9999999,,EHA
MDSS01.LC03CALC.GSCAVI05,GT01 Broadband Middle Displacement Vibration,1/1/2001 1:01,1/1/2001 1:01,MDSS01.LC03OPC.GT01SI01|6000|9999999,,EHA
MDSS01.LC03CALC.GSCAVI04,GT01 Broadband Rear Displacement Vibration,1/1/2001 1:01,1/1/2001 1:01,MDSS01.LC03OPC.GT01SI01|6000|9999999,,EHA
MDSS01.LC03CALC.GT02CA12,GT02 VSV Position Deviation,1/1/2001 1:01,1/1/2001 1:01,MDSS01.LC03OPC.GT02SI01|6000|9999999,,EHA
MDSS01.LC03CALC.GPCATI13,GT02 Intake Temp,1/1/2001 1:01,1/1/2001 1:01,MDSS01.LC03OPC.GT02SI01|6000|9999999,,EHA
MDSS01.LC03CALC.GT02CA20,GT02 IP Exit Temp Deviation,1/1/2001 1:01,1/1/2001 1:01,MDSS01.LC03OPC.GT02SI01|6000|9999999,,EHA
MDSS01.LC03CALC.GT02CA22,GT02 Combustor Inlet Temp Deviation,1/1/2001 1:01,1/1/2001 1:01,MDSS01.LC03OPC.GT02SI01|6000|9999999,,EHA
MDSS01.LC03CALC.GT02CA68,GT02 Power Turbine Inlet Temp Deviation,1/1/2001 1:01,1/1/2001 1:01,MDSS01.LC03OPC.GT02SI01|6000|9999999,,EHA
MDSS01.LC03CALC.GT02CA14,GT02 IP Exit Pressure Deviation,1/1/2001 1:01,1/1/2001 1:01,MDSS01.LC03OPC.GT02SI01|6000|9999999,,EHA
MDSS01.LC03CALC.GT02CA16,GT02 Combustor Inlet Pressure Deviation,1/1/2001 1:01,1/1/2001 1:01,MDSS01.LC03OPC.GT02SI01|6000|9999999,,EHA
MDSS01.LC03CALC.GT02CA18,GT02 Power Turbine Inlet Pressure Deviation,1/1/2001 1:01,1/1/2001 1:01,MDSS01.LC03OPC.GT02SI01|6000|9999999,,EHA
MDSS01.LC03CALC.GT02CA59,GT02 Combined Scavenge Diff Temp Deviation,1/1/2001 1:01,1/1/2001 1:01,MDSS01.LC03OPC.GT02SI01|6000|9999999,,EHA
MDSS01.LC03CALC.GT02CA25,GT02 Tail Bearing Diff Temp Deviation,1/1/2001 1:01,1/1/2001 1:01,MDSS01.LC03OPC.GT02SI01|6000|9999999,,EHA
MDSS01.LC03CALC.GT02CA61,GT02 FMV Inlet Pressure Deviation,1/1/2001 1:01,1/1/2001 1:01,MDSS01.LC03OPC.GT02SI01|6000|9999999,,EHA
MDSS01.LC03CALC.GT02CA10,GT02 Fuel Mass Flow Deviation A,1/1/2001 1:01,1/1/2001 1:01,MDSS01.LC03OPC.GT02SI01|6000|9999999,,EHA
MDSS01.LC03CALC.GT02CA75,GT02 Fuel Mass Flow Deviation B,1/1/2001 1:01,1/1/2001 1:01,MDSS01.LC03OPC.GT02SI01|6000|9999999,,EHA
MDSS01.LC03CALC.GT02CA65,GT02 WCAC SW dP,1/1/2001 1:01,1/1/2001 1:01,MDSS01.LC03OPC.GT02SI01|6000|9999999,,EHA
MDSS01.LC03CALC.GPCAVI06,GT02 Broadband Front Displacement Vibration,1/1/2001 1:01,1/1/2001 1:01,MDSS01.LC03OPC.GT02SI01|6000|9999999,,EHA
MDSS01.LC03CALC.GPCAVI05,GT02 Broadband Middle Displacement Vibration,1/1/2001 1:01,1/1/2001 1:01,MDSS01.LC03OPC.GT02SI01|6000|9999999,,EHA
MDSS01.LC03CALC.GPCAVI04,GT02 Broadband Rear Displacement Vibration,1/1/2001 1:01,1/1/2001 1:01,MDSS01.LC03OPC.GT02SI01|6000|9999999,,EHA
MDSS01.LC03OPC.CG01TI02,CG01 Gearbox Bearing #1 Temp,1/1/2001 1:01,1/1/2001 1:01,MDSS01.LC03OPC.CG01SI07|300|785,,EHA
MDSS01.LC03OPC.CG01TI03,CG01 Gearbox Bearing #2 Temp,1/1/2001 1:01,1/1/2001 1:01,MDSS01.LC03OPC.CG01SI07|300|785,,EHA
MDSS01.LC03OPC.CG01TI04,CG01 Gearbox Bearing #3 Temp,1/1/2001 1:01,1/1/2001 1:01,MDSS01.LC03OPC.CG01SI07|300|785,,EHA
MDSS01.LC03OPC.CG01TI05,CG01 Gearbox Bearing #4 Temp,1/1/2001 1:01,1/1/2001 1:01,MDSS01.LC03OPC.CG01SI07|300|785,,EHA
MDSS01.LC03OPC.CG01TI06,CG01 Gearbox Bearing #5 Temp,1/1/2001 1:01,1/1/2001 1:01,MDSS01.LC03OPC.CG01SI07|300|785,,EHA
MDSS01.LC03OPC.CG01TI07,CG01 Gearbox Bearing #6 Temp,1/1/2001 1:01,1/1/2001 1:01,MDSS01.LC03OPC.CG01SI07|300|785,,EHA
MDSS01.LC03OPC.CG01TI08,CG01 Gearbox Bearing #7 Temp,1/1/2001 1:01,1/1/2001 1:01,MDSS01.LC03OPC.CG01SI07|300|785,,EHA
MDSS01.LC03OPC.CG01TI09,CG01 Gearbox Bearing #8 Temp,1/1/2001 1:01,1/1/2001 1:01,MDSS01.LC03OPC.CG01SI07|300|785,,EHA
MDSS01.LC03OPC.CG01TI10,CG01 Gearbox Bearing #9 Temp,1/1/2001 1:01,1/1/2001 1:01,MDSS01.LC03OPC.CG01SI07|300|785,,EHA
MDSS01.LC03OPC.CG01TI11,CG01 Gearbox Bearing #10 Temp,1/1/2001 1:01,1/1/2001 1:01,MDSS01.LC03OPC.CG01SI07|300|785,,EHA
MDSS01.LC03OPC.CG01TI12,CG01 Gearbox Bearing #11 Temp,1/1/2001 1:01,1/1/2001 1:01,MDSS01.LC03OPC.CG01SI07|300|785,,EHA
MDSS01.LC03OPC.CG01TI13,CG01 Gearbox Bearing #12 Temp,1/1/2001 1:01,1/1/2001 1:01,MDSS01.LC03OPC.CG01SI07|300|785,,EHA
MDSS01.LC03OPC.CG01TI14,CG01 Gearbox Bearing #13 Temp,1/1/2001 1:01,1/1/2001 1:01,MDSS01.LC03OPC.CG01SI07|300|785,,EHA
MDSS01.LC03OPC.CG01TI15,CG01 Gearbox Bearing #14 Temp,1/1/2001 1:01,1/1/2001 1:01,MDSS01.LC03OPC.CG01SI07|300|785,,EHA
MDSS01.LC03OPC.CG01TI16,CG01 Gearbox Bearing #15 Temp,1/1/2001 1:01,1/1/2001 1:01,MDSS01.LC03OPC.CG01SI07|300|785,,EHA
MDSS01.LC03OPC.CG01TI17,CG01 Gearbox Bearing #17A Temp,1/1/2001 1:01,1/1/2001 1:01,MDSS01.LC03OPC.CG01SI07|300|785,,EHA
MDSS01.LC03OPC.CG01TI18,CG01 Gearbox Bearing #17F Temp,1/1/2001 1:01,1/1/2001 1:01,MDSS01.LC03OPC.CG01SI07|300|785,,EHA
MDSS01.LC03OPC.CG01TI02,CG01 Gearbox Bearing #1 Max Temp,1/1/2001 1:01,1/1/2001 1:01,MDSS01.LC03OPC.CG01SI07|1400|99999,,EHA
MDSS01.LC03OPC.CG01TI03,CG01 Gearbox Bearing #2 Max Temp,1/1/2001 1:01,1/1/2001 1:01,MDSS01.LC03OPC.CG01SI07|1400|99999,,EHA
MDSS01.LC03OPC.CG01TI04,CG01 Gearbox Bearing #3 Max Temp,1/1/2001 1:01,1/1/2001 1:01,MDSS01.LC03OPC.CG01SI07|1400|99999,,EHA
MDSS01.LC03OPC.CG01TI05,CG01 Gearbox Bearing #4 Max Temp,1/1/2001 1:01,1/1/2001 1:01,MDSS01.LC03OPC.CG01SI07|1400|99999,,EHA
MDSS01.LC03OPC.CG01TI06,CG01 Gearbox Bearing #5 Max Temp,1/1/2001 1:01,1/1/2001 1:01,MDSS01.LC03OPC.CG01SI07|1400|99999,,EHA
MDSS01.LC03OPC.CG01TI07,CG01 Gearbox Bearing #6 Max Temp,1/1/2001 1:01,1/1/2001 1:01,MDSS01.LC03OPC.CG01SI07|1400|99999,,EHA
MDSS01.LC03OPC.CG01TI08,CG01 Gearbox Bearing #7 Max Temp,1/1/2001 1:01,1/1/2001 1:01,MDSS01.LC03OPC.CG01SI07|1400|99999,,EHA
MDSS01.LC03OPC.CG01TI09,CG01 Gearbox Bearing #8 Max Temp,1/1/2001 1:01,1/1/2001 1:01,MDSS01.LC03OPC.CG01SI07|1400|99999,,EHA
MDSS01.LC03OPC.CG01TI10,CG01 Gearbox Bearing #9 Max Temp,1/1/2001 1:01,1/1/2001 1:01,MDSS01.LC03OPC.CG01SI07|1400|99999,,EHA
MDSS01.LC03OPC.CG01TI11,CG01 Gearbox Bearing #10 Max Temp,1/1/2001 1:01,1/1/2001 1:01,MDSS01.LC03OPC.CG01SI07|1400|99999,,EHA
MDSS01.LC03OPC.CG01TI12,CG01 Gearbox Bearing #11 Max Temp,1/1/2001 1:01,1/1/2001 1:01,MDSS01.LC03OPC.CG01SI07|1400|99999,,EHA
MDSS01.LC03OPC.CG01TI13,CG01 Gearbox Bearing #12 Max Temp,1/1/2001 1:01,1/1/2001 1:01,MDSS01.LC03OPC.CG01SI07|1400|99999,,EHA
MDSS01.LC03OPC.CG01TI14,CG01 Gearbox Bearing #13 Max Temp,1/1/2001 1:01,1/1/2001 1:01,MDSS01.LC03OPC.CG01SI07|1400|99999,,EHA
MDSS01.LC03OPC.CG01TI15,CG01 Gearbox Bearing #14 Max Temp,1/1/2001 1:01,1/1/2001 1:01,MDSS01.LC03OPC.CG01SI07|1400|99999,,EHA
MDSS01.LC03OPC.CG01TI16,CG01 Gearbox Bearing #15 Max Temp,1/1/2001 1:01,1/1/2001 1:01,MDSS01.LC03OPC.CG01SI07|1400|99999,,EHA
MDSS01.LC03OPC.CG01TI17,CG01 Gearbox Bearing #17A Max Temp,1/1/2001 1:01,1/1/2001 1:01,MDSS01.LC03OPC.CG01SI07|1400|99999,,EHA
MDSS01.LC03OPC.CG01TI18,CG01 Gearbox Bearing #17F Max Temp,1/1/2001 1:01,1/1/2001 1:01,MDSS01.LC03OPC.CG01SI07|1400|99999,,EHA
MDSS01.LC03OPC.CG02TI02,CG02 Gearbox Bearing #1 Temp,1/1/2001 1:01,1/1/2001 1:01,MDSS01.LC03OPC.CG01SI07|300|785,,EHA
MDSS01.LC03OPC.CG02TI03,CG02 Gearbox Bearing #2 Temp,1/1/2001 1:01,1/1/2001 1:01,MDSS01.LC03OPC.CG01SI07|300|785,,EHA
MDSS01.LC03OPC.CG02TI04,CG02 Gearbox Bearing #3 Temp,1/1/2001 1:01,1/1/2001 1:01,MDSS01.LC03OPC.CG01SI07|300|785,,EHA
MDSS01.LC03OPC.CG02TI05,CG02 Gearbox Bearing #4 Temp,1/1/2001 1:01,1/1/2001 1:01,MDSS01.LC03OPC.CG01SI07|300|785,,EHA
MDSS01.LC03OPC.CG02TI06,CG02 Gearbox Bearing #5 Temp,1/1/2001 1:01,1/1/2001 1:01,MDSS01.LC03OPC.CG01SI07|300|785,,EHA
MDSS01.LC03OPC.CG02TI07,CG02 Gearbox Bearing #6 Temp,1/1/2001 1:01,1/1/2001 1:01,MDSS01.LC03OPC.CG01SI07|300|785,,EHA
MDSS01.LC03OPC.CG02TI08,CG02 Gearbox Bearing #7 Temp,1/1/2001 1:01,1/1/2001 1:01,MDSS01.LC03OPC.CG01SI07|300|785,,EHA
MDSS01.LC03OPC.CG02TI09,CG02 Gearbox Bearing #8 Temp,1/1/2001 1:01,1/1/2001 1:01,MDSS01.LC03OPC.CG01SI07|300|785,,EHA
MDSS01.LC03OPC.CG02TI10,CG02 Gearbox Bearing #9 Temp,1/1/2001 1:01,1/1/2001 1:01,MDSS01.LC03OPC.CG01SI07|300|785,,EHA
MDSS01.LC03OPC.CG02TI11,CG02 Gearbox Bearing #10 Temp,1/1/2001 1:01,1/1/2001 1:01,MDSS01.LC03OPC.CG01SI07|300|785,,EHA
MDSS01.LC03OPC.CG02TI12,CG02 Gearbox Bearing #11 Temp,1/1/2001 1:01,1/1/2001 1:01,MDSS01.LC03OPC.CG01SI07|300|785,,EHA
MDSS01.LC03OPC.CG02TI13,CG02 Gearbox Bearing #12 Temp,1/1/2001 1:01,1/1/2001 1:01,MDSS01.LC03OPC.CG01SI07|300|785,,EHA
MDSS01.LC03OPC.CG02TI14,CG02 Gearbox Bearing #13 Temp,1/1/2001 1:01,1/1/2001 1:01,MDSS01.LC03OPC.CG01SI07|300|785,,EHA
MDSS01.LC03OPC.CG02TI15,CG02 Gearbox Bearing #14 Temp,1/1/2001 1:01,1/1/2001 1:01,MDSS01.LC03OPC.CG01SI07|300|785,,EHA
MDSS01.LC03OPC.CG02TI16,CG02 Gearbox Bearing #15 Temp,1/1/2001 1:01,1/1/2001 1:01,MDSS01.LC03OPC.CG01SI07|300|785,,EHA
MDSS01.LC03OPC.CG02TI17,CG02 Gearbox Bearing #17A Temp,1/1/2001 1:01,1/1/2001 1:01,MDSS01.LC03OPC.CG01SI07|300|785,,EHA
MDSS01.LC03OPC.CG02TI18,CG02 Gearbox Bearing #17F Temp,1/1/2001 1:01,1/1/2001 1:01,MDSS01.LC03OPC.CG01SI07|300|785,,EHA
MDSS01.LC03OPC.CG02TI02,CG02 Gearbox Bearing #1 Max Temp,1/1/2001 1:01,1/1/2001 1:01,MDSS01.LC03OPC.CG01SI07|1400|99999,,EHA
MDSS01.LC03OPC.CG02TI03,CG02 Gearbox Bearing #2 Max Temp,1/1/2001 1:01,1/1/2001 1:01,MDSS01.LC03OPC.CG01SI07|1400|99999,,EHA
MDSS01.LC03OPC.CG02TI04,CG02 Gearbox Bearing #3 Max Temp,1/1/2001 1:01,1/1/2001 1:01,MDSS01.LC03OPC.CG01SI07|1400|99999,,EHA
MDSS01.LC03OPC.CG02TI05,CG02 Gearbox Bearing #4 Max Temp,1/1/2001 1:01,1/1/2001 1:01,MDSS01.LC03OPC.CG01SI07|1400|99999,,EHA
MDSS01.LC03OPC.CG02TI06,CG02 Gearbox Bearing #5 Max Temp,1/1/2001 1:01,1/1/2001 1:01,MDSS01.LC03OPC.CG01SI07|1400|99999,,EHA
MDSS01.LC03OPC.CG02TI07,CG02 Gearbox Bearing #6 Max Temp,1/1/2001 1:01,1/1/2001 1:01,MDSS01.LC03OPC.CG01SI07|1400|99999,,EHA
MDSS01.LC03OPC.CG02TI08,CG02 Gearbox Bearing #7 Max Temp,1/1/2001 1:01,1/1/2001 1:01,MDSS01.LC03OPC.CG01SI07|1400|99999,,EHA
MDSS01.LC03OPC.CG02TI09,CG02 Gearbox Bearing #8 Max Temp,1/1/2001 1:01,1/1/2001 1:01,MDSS01.LC03OPC.CG01SI07|1400|99999,,EHA
MDSS01.LC03OPC.CG02TI10,CG02 Gearbox Bearing #9 Max Temp,1/1/2001 1:01,1/1/2001 1:01,MDSS01.LC03OPC.CG01SI07|1400|99999,,EHA
MDSS01.LC03OPC.CG02TI11,CG02 Gearbox Bearing #10 Max Temp,1/1/2001 1:01,1/1/2001 1:01,MDSS01.LC03OPC.CG01SI07|1400|99999,,EHA
MDSS01.LC03OPC.CG02TI12,CG02 Gearbox Bearing #11 Max Temp,1/1/2001 1:01,1/1/2001 1:01,MDSS01.LC03OPC.CG01SI07|1400|99999,,EHA
MDSS01.LC03OPC.CG02TI13,CG02 Gearbox Bearing #12 Max Temp,1/1/2001 1:01,1/1/2001 1:01,MDSS01.LC03OPC.CG01SI07|1400|99999,,EHA
MDSS01.LC03OPC.CG02TI14,CG02 Gearbox Bearing #13 Max Temp,1/1/2001 1:01,1/1/2001 1:01,MDSS01.LC03OPC.CG01SI07|1400|99999,,EHA
MDSS01.LC03OPC.CG02TI15,CG02 Gearbox Bearing #14 Max Temp,1/1/2001 1:01,1/1/2001 1:01,MDSS01.LC03OPC.CG01SI07|1400|99999,,EHA
MDSS01.LC03OPC.CG02TI16,CG02 Gearbox Bearing #15 Max Temp,1/1/2001 1:01,1/1/2001 1:01,MDSS01.LC03OPC.CG01SI07|1400|99999,,EHA
MDSS01.LC03OPC.CG02TI17,CG02 Gearbox Bearing #17A Max Temp,1/1/2001 1:01,1/1/2001 1:01,MDSS01.LC03OPC.CG01SI07|1400|99999,,EHA
MDSS01.LC03OPC.CG02TI18,CG02 Gearbox Bearing #17F Max Temp,1/1/2001 1:01,1/1/2001 1:01,MDSS01.LC03OPC.CG01SI07|1400|99999,,EHA
MDSS01.LC03OPC.SG01TI01,SG01 Gearbox Bearing #30F Temp,1/1/2001 1:01,1/1/2001 1:01,MDSS01.LC03OPC.CG01SI07|300|785,,EHA
MDSS01.LC03OPC.SG01TI02,SG01 Gearbox Bearing #30A Temp,1/1/2001 1:01,1/1/2001 1:01,MDSS01.LC03OPC.CG01SI07|300|785,,EHA
MDSS01.LC03OPC.SG01TI03,SG01 Gearbox Bearing #31 Temp,1/1/2001 1:01,1/1/2001 1:01,MDSS01.LC03OPC.CG01SI07|300|785,,EHA
MDSS01.LC03OPC.SG01TI04,SG01 Gearbox Bearing #32 Temp,1/1/2001 1:01,1/1/2001 1:01,MDSS01.LC03OPC.CG01SI07|300|785,,EHA
MDSS01.LC03OPC.SG01TI05,SG01 Gearbox Bearing #33 Temp,1/1/2001 1:01,1/1/2001 1:01,MDSS01.LC03OPC.CG01SI07|300|785,,EHA
MDSS01.LC03OPC.SG01TI06,SG01 Gearbox Bearing #34 Temp,1/1/2001 1:01,1/1/2001 1:01,MDSS01.LC03OPC.CG01SI07|300|785,,EHA
MDSS01.LC03OPC.SG01TI07,SG01 Gearbox Bearing #35 Temp,1/1/2001 1:01,1/1/2001 1:01,MDSS01.LC03OPC.CG01SI07|300|785,,EHA
MDSS01.LC03OPC.SG01TI08,SG01 Gearbox Bearing #36 Temp,1/1/2001 1:01,1/1/2001 1:01,MDSS01.LC03OPC.CG01SI07|300|785,,EHA
MDSS01.LC03OPC.SG01TI09,SG01 Gearbox Bearing #37 Temp,1/1/2001 1:01,1/1/2001 1:01,MDSS01.LC03OPC.CG01SI07|300|785,,EHA
MDSS01.LC03OPC.SG01TI10,SG01 Gearbox Bearing #38 Temp,1/1/2001 1:01,1/1/2001 1:01,MDSS01.LC03OPC.CG01SI07|300|785,,EHA
MDSS01.LC03OPC.SG01TI11,SG01 Gearbox Bearing #39 Temp,1/1/2001 1:01,1/1/2001 1:01,MDSS01.LC03OPC.CG01SI07|300|785,,EHA
MDSS01.LC03OPC.SG01TI12,SG01 Gearbox Bearing #40 Temp,1/1/2001 1:01,1/1/2001 1:01,MDSS01.LC03OPC.CG01SI07|300|785,,EHA
MDSS01.LC03OPC.SG01TI13,SG01 Gearbox Bearing #42 Temp,1/1/2001 1:01,1/1/2001 1:01,MDSS01.LC03OPC.CG01SI07|300|785,,EHA
MDSS01.LC03OPC.SG01TI01,SG01 Gearbox Bearing #30F Max Temp,1/1/2001 1:01,1/1/2001 1:01,MDSS01.LC03OPC.CG01SI07|1400|99999,,EHA
MDSS01.LC03OPC.SG01TI02,SG01 Gearbox Bearing #30A Max Temp,1/1/2001 1:01,1/1/2001 1:01,MDSS01.LC03OPC.CG01SI07|1400|99999,,EHA
MDSS01.LC03OPC.SG01TI03,SG01 Gearbox Bearing #31 Max Temp,1/1/2001 1:01,1/1/2001 1:01,MDSS01.LC03OPC.CG01SI07|1400|99999,,EHA
MDSS01.LC03OPC.SG01TI04,SG01 Gearbox Bearing #32 Max Temp,1/1/2001 1:01,1/1/2001 1:01,MDSS01.LC03OPC.CG01SI07|1400|99999,,EHA
MDSS01.LC03OPC.SG01TI05,SG01 Gearbox Bearing #33 Max Temp,1/1/2001 1:01,1/1/2001 1:01,MDSS01.LC03OPC.CG01SI07|1400|99999,,EHA
MDSS01.LC03OPC.SG01TI06,SG01 Gearbox Bearing #34 Max Temp,1/1/2001 1:01,1/1/2001 1:01,MDSS01.LC03OPC.CG01SI07|1400|99999,,EHA
MDSS01.LC03OPC.SG01TI07,SG01 Gearbox Bearing #35 Max Temp,1/1/2001 1:01,1/1/2001 1:01,MDSS01.LC03OPC.CG01SI07|1400|99999,,EHA
MDSS01.LC03OPC.SG01TI08,SG01 Gearbox Bearing #36 Max Temp,1/1/2001 1:01,1/1/2001 1:01,MDSS01.LC03OPC.CG01SI07|1400|99999,,EHA
MDSS01.LC03OPC.SG01TI09,SG01 Gearbox Bearing #37 Max Temp,1/1/2001 1:01,1/1/2001 1:01,MDSS01.LC03OPC.CG01SI07|1400|99999,,EHA
MDSS01.LC03OPC.SG01TI10,SG01 Gearbox Bearing #38 Max Temp,1/1/2001 1:01,1/1/2001 1:01,MDSS01.LC03OPC.CG01SI07|1400|99999,,EHA
MDSS01.LC03OPC.SG01TI11,SG01 Gearbox Bearing #39 Max Temp,1/1/2001 1:01,1/1/2001 1:01,MDSS01.LC03OPC.CG01SI07|1400|99999,,EHA
MDSS01.LC03OPC.SG01TI12,SG01 Gearbox Bearing #40 Max Temp,1/1/2001 1:01,1/1/2001 1:01,MDSS01.LC03OPC.CG01SI07|1400|99999,,EHA
MDSS01.LC03OPC.SG01TI13,SG01 Gearbox Bearing #42 Max Temp,1/1/2001 1:01,1/1/2001 1:01,MDSS01.LC03OPC.CG01SI07|1400|99999,,EHA
MDSS01.LC03OPC.SG02TI01,SG02 Gearbox Bearing #30F Temp,1/1/2001 1:01,1/1/2001 1:01,MDSS01.LC03OPC.CG01SI07|300|785,,EHA
MDSS01.LC03OPC.SG02TI02,SG02 Gearbox Bearing #30A Temp,1/1/2001 1:01,1/1/2001 1:01,MDSS01.LC03OPC.CG01SI07|300|785,,EHA
MDSS01.LC03OPC.SG02TI03,SG02 Gearbox Bearing #31 Temp,1/1/2001 1:01,1/1/2001 1:01,MDSS01.LC03OPC.CG01SI07|300|785,,EHA
MDSS01.LC03OPC.SG02TI04,SG02 Gearbox Bearing #32 Temp,1/1/2001 1:01,1/1/2001 1:01,MDSS01.LC03OPC.CG01SI07|300|785,,EHA
MDSS01.LC03OPC.SG02TI05,SG02 Gearbox Bearing #33 Temp,1/1/2001 1:01,1/1/2001 1:01,MDSS01.LC03OPC.CG01SI07|300|785,,EHA
MDSS01.LC03OPC.SG02TI06,SG02 Gearbox Bearing #34 Temp,1/1/2001 1:01,1/1/2001 1:01,MDSS01.LC03OPC.CG01SI07|300|785,,EHA
MDSS01.LC03OPC.SG02TI07,SG02 Gearbox Bearing #35 Temp,1/1/2001 1:01,1/1/2001 1:01,MDSS01.LC03OPC.CG01SI07|300|785,,EHA
MDSS01.LC03OPC.SG02TI08,SG02 Gearbox Bearing #36 Temp,1/1/2001 1:01,1/1/2001 1:01,MDSS01.LC03OPC.CG01SI07|300|785,,EHA
MDSS01.LC03OPC.SG02TI09,SG02 Gearbox Bearing #37 Temp,1/1/2001 1:01,1/1/2001 1:01,MDSS01.LC03OPC.CG01SI07|300|785,,EHA
MDSS01.LC03OPC.SG02TI10,SG02 Gearbox Bearing #38 Temp,1/1/2001 1:01,1/1/2001 1:01,MDSS01.LC03OPC.CG01SI07|300|785,,EHA
MDSS01.LC03OPC.SG02TI11,SG02 Gearbox Bearing #39 Temp,1/1/2001 1:01,1/1/2001 1:01,MDSS01.LC03OPC.CG01SI07|300|785,,EHA
MDSS01.LC03OPC.SG02TI12,SG02 Gearbox Bearing #40 Temp,1/1/2001 1:01,1/1/2001 1:01,MDSS01.LC03OPC.CG01SI07|300|785,,EHA
MDSS01.LC03OPC.SG02TI13,SG02 Gearbox Bearing #42 Temp,1/1/2001 1:01,1/1/2001 1:01,MDSS01.LC03OPC.CG01SI07|300|785,,EHA
MDSS01.LC03OPC.SG02TI01,SG02 Gearbox Bearing #30F Max Temp,1/1/2001 1:01,1/1/2001 1:01,MDSS01.LC03OPC.CG01SI07|1400|99999,,EHA
MDSS01.LC03OPC.SG02TI02,SG02 Gearbox Bearing #30A Max Temp,1/1/2001 1:01,1/1/2001 1:01,MDSS01.LC03OPC.CG01SI07|1400|99999,,EHA
MDSS01.LC03OPC.SG02TI03,SG02 Gearbox Bearing #31 Max Temp,1/1/2001 1:01,1/1/2001 1:01,MDSS01.LC03OPC.CG01SI07|1400|99999,,EHA
MDSS01.LC03OPC.SG02TI04,SG02 Gearbox Bearing #32 Max Temp,1/1/2001 1:01,1/1/2001 1:01,MDSS01.LC03OPC.CG01SI07|1400|99999,,EHA
MDSS01.LC03OPC.SG02TI05,SG02 Gearbox Bearing #33 Max Temp,1/1/2001 1:01,1/1/2001 1:01,MDSS01.LC03OPC.CG01SI07|1400|99999,,EHA
MDSS01.LC03OPC.SG02TI06,SG02 Gearbox Bearing #34 Max Temp,1/1/2001 1:01,1/1/2001 1:01,MDSS01.LC03OPC.CG01SI07|1400|99999,,EHA
MDSS01.LC03OPC.SG02TI07,SG02 Gearbox Bearing #35 Max Temp,1/1/2001 1:01,1/1/2001 1:01,MDSS01.LC03OPC.CG01SI07|1400|99999,,EHA
MDSS01.LC03OPC.SG02TI08,SG02 Gearbox Bearing #36 Max Temp,1/1/2001 1:01,1/1/2001 1:01,MDSS01.LC03OPC.CG01SI07|1400|99999,,EHA
MDSS01.LC03OPC.SG02TI09,SG02 Gearbox Bearing #37 Max Temp,1/1/2001 1:01,1/1/2001 1:01,MDSS01.LC03OPC.CG01SI07|1400|99999,,EHA
MDSS01.LC03OPC.SG02TI10,SG02 Gearbox Bearing #38 Max Temp,1/1/2001 1:01,1/1/2001 1:01,MDSS01.LC03OPC.CG01SI07|1400|99999,,EHA
MDSS01.LC03OPC.SG02TI11,SG02 Gearbox Bearing #39 Max Temp,1/1/2001 1:01,1/1/2001 1:01,MDSS01.LC03OPC.CG01SI07|1400|99999,,EHA
MDSS01.LC03OPC.SG02TI12,SG02 Gearbox Bearing #40 Max Temp,1/1/2001 1:01,1/1/2001 1:01,MDSS01.LC03OPC.CG01SI07|1400|99999,,EHA
MDSS01.LC03OPC.SG02TI13,SG02 Gearbox Bearing #42 Max Temp,1/1/2001 1:01,1/1/2001 1:01,MDSS01.LC03OPC.CG01SI07|1400|99999,,EHA
MDSS01.LC03OPC.CG01TI19,CG01 LO Inlet Temp,1/1/2001 1:01,1/1/2001 1:01,MDSS01.LC03OPC.CG01SI07|300|785,,EHA
MDSS01.LC03OPC.CG01PI01,CG01 LO Inlet Pressure,1/1/2001 1:01,1/1/2001 1:01,MDSS01.LC03OPC.CG01SI07|300|785,,EHA
MDSS01.LC03OPC.CG01PI03,CG01 CCU Inlet Pressure,1/1/2001 1:01,1/1/2001 1:01,MDSS01.LC03OPC.CG01SI07|300|785,,EHA
MDSS01.LC03OPC.CG01TI19,CG01 LO Inlet Max Temp,1/1/2001 1:01,1/1/2001 1:01,MDSS01.LC03OPC.CG01SI07|1400|99999,,EHA
MDSS01.LC03OPC.CG01PI01,CG01 LO Inlet Max Pressure,1/1/2001 1:01,1/1/2001 1:01,MDSS01.LC03OPC.CG01SI07|1400|99999,,EHA
MDSS01.LC03OPC.CG01PI03,CG01 CCU Inlet Max Pressure,1/1/2001 1:01,1/1/2001 1:01,MDSS01.LC03OPC.CG01SI07|1400|99999,,EHA
MDSS01.LC03OPC.CG02TI19,CG02 LO Inlet Temp,1/1/2001 1:01,1/1/2001 1:01,MDSS01.LC03OPC.CG01SI07|300|785,,EHA
MDSS01.LC03OPC.CG02PI02,CG02 LO Inlet Pressure,1/1/2001 1:01,1/1/2001 1:01,MDSS01.LC03OPC.CG01SI07|300|785,,EHA
MDSS01.LC03OPC.CG02PI03,CG02 CCU Inlet Pressure,1/1/2001 1:01,1/1/2001 1:01,MDSS01.LC03OPC.CG01SI07|300|785,,EHA
MDSS01.LC03OPC.CG02TI19,CG02 LO Inlet Max Temp,1/1/2001 1:01,1/1/2001 1:01,MDSS01.LC03OPC.CG01SI07|1400|99999,,EHA
MDSS01.LC03OPC.CG02PI02,CG02 LO Inlet Max Pressure,1/1/2001 1:01,1/1/2001 1:01,MDSS01.LC03OPC.CG01SI07|1400|99999,,EHA
MDSS01.LC03OPC.CG02PI03,CG02 CCU Inlet Max Pressure,1/1/2001 1:01,1/1/2001 1:01,MDSS01.LC03OPC.CG01SI07|1400|99999,,EHA
MDSS01.LC03OPC.SG01TI14,SG01 LO Inlet Temp,1/1/2001 1:01,1/1/2001 1:01,MDSS01.LC03OPC.CG01SI07|300|785,,EHA
MDSS01.LC03OPC.SG01PI03,SG01 LO Inlet Pressure,1/1/2001 1:01,1/1/2001 1:01,MDSS01.LC03OPC.CG01SI07|300|785,,EHA
MDSS01.LC03OPC.SG01PI01,SG01 CCU Inlet Pressure,1/1/2001 1:01,1/1/2001 1:01,MDSS01.LC03OPC.CG01SI07|300|785,,EHA
MDSS01.LC03OPC.SG01TI14,SG01 LO Inlet Max Temp,1/1/2001 1:01,1/1/2001 1:01,MDSS01.LC03OPC.CG01SI07|1400|99999,,EHA
MDSS01.LC03OPC.SG01PI03,SG01 LO Inlet Max Pressure,1/1/2001 1:01,1/1/2001 1:01,MDSS01.LC03OPC.CG01SI07|1400|99999,,EHA
MDSS01.LC03OPC.SG01PI01,SG01 CCU Inlet Max Pressure,1/1/2001 1:01,1/1/2001 1:01,MDSS01.LC03OPC.CG01SI07|1400|99999,,EHA
MDSS01.LC03OPC.SG02TI14,SG02 LO Inlet Temp,1/1/2001 1:01,1/1/2001 1:01,MDSS01.LC03OPC.CG01SI07|300|785,,EHA
MDSS01.LC03OPC.SG02PI03,SG02 LO Inlet Pressure,1/1/2001 1:01,1/1/2001 1:01,MDSS01.LC03OPC.CG01SI07|300|785,,EHA
MDSS01.LC03OPC.SG02PI01,SG02 CCU Inlet Pressure,1/1/2001 1:01,1/1/2001 1:01,MDSS01.LC03OPC.CG01SI07|300|785,,EHA
MDSS01.LC03OPC.SG02TI14,SG02 LO Inlet Max Temp,1/1/2001 1:01,1/1/2001 1:01,MDSS01.LC03OPC.CG01SI07|1400|99999,,EHA
MDSS01.LC03OPC.SG02PI03,SG02 LO Inlet Max Pressure,1/1/2001 1:01,1/1/2001 1:01,MDSS01.LC03OPC.CG01SI07|1400|99999,,EHA
MDSS01.LC03OPC.SG02PI01,SG02 CCU Inlet Max Pressure,1/1/2001 1:01,1/1/2001 1:01,MDSS01.LC03OPC.CG01SI07|1400|99999,,EHA
MDSS01.LC03OPC.WJSSPI01,WJSS Shaft Seal Pressure,1/1/2001 1:01,1/1/2001 1:01,MDSS01.LC03OPC.SG01SI01|100|530,,EHA
MDSS01.LC03OPC.WJSSTI01,WJSS LO Inlet Temp,1/1/2001 1:01,1/1/2001 1:01,MDSS01.LC03OPC.SG01SI01|100|530,,EHA
MDSS01.LC03OPC.WJPSPI01,WJPS Shaft Seal Pressure,1/1/2001 1:01,1/1/2001 1:01,MDSS01.LC03OPC.SG02SI01|100|530,,EHA
MDSS01.LC03OPC.WJPSTI01,WJPS LO Inlet Temp,1/1/2001 1:01,1/1/2001 1:01,MDSS01.LC03OPC.SG02SI01|100|530,,EHA
MDSS01.LC03OPC.WJSBPI02,WJSB Shaft Seal Pressure,1/1/2001 1:01,1/1/2001 1:01,MDSS01.LC03OPC.SG01SI02|100|530,,EHA
MDSS01.LC03OPC.WJSBTI02,WJSB LO Inlet Temp,1/1/2001 1:01,1/1/2001 1:01,MDSS01.LC03OPC.SG01SI02|100|530,,EHA
MDSS01.LC03OPC.WJPBPI02,WJPB Shaft Seal Pressure,1/1/2001 1:01,1/1/2001 1:01,MDSS01.LC03OPC.SG02SI02|100|530,,EHA
MDSS01.LC03OPC.WJPBTI02,WJPB LO Inlet Temp,1/1/2001 1:01,1/1/2001 1:01,MDSS01.LC03OPC.SG02SI02|100|530,,EHA
MDSS01.LC03OPC.MP01PI01,MP01 First Stage Pressure,1/1/2001 1:01,1/1/2001 1:01,MDSS01.LC03OPC.MP01PI03|450|9999,,EHA
MDSS01.LC03OPC.MP01PI02,MP01 Second Stage Pressure,1/1/2001 1:01,1/1/2001 1:01,MDSS01.LC03OPC.MP01PI03|450|9999,,EHA
MDSS01.LC03OPC.MP01PI03,MP01 Third Stage Pressure,1/1/2001 1:01,1/1/2001 1:01,MDSS01.LC03OPC.MP01PI03|450|9999,,EHA
MDSS01.LC03OPC.MP01TI01,MP01 First Stage Temp,1/1/2001 1:01,1/1/2001 1:01,MDSS01.LC03OPC.MP01PI03|450|9999,,EHA
MDSS01.LC03OPC.MP01TI02,MP01 Second Stage Temp,1/1/2001 1:01,1/1/2001 1:01,MDSS01.LC03OPC.MP01PI03|450|9999,,EHA
MDSS01.LC03OPC.MP01TI03,MP01 Third Stage Temp,1/1/2001 1:01,1/1/2001 1:01,MDSS01.LC03OPC.MP01PI03|450|9999,,EHA
MDSS01.LC03OPC.MP02PI01,MP02 First Stage Pressure,1/1/2001 1:01,1/1/2001 1:01,MDSS01.LC03OPC.MP02PI03|450|9999,,EHA
MDSS01.LC03OPC.MP02PI02,MP02 Second Stage Pressure,1/1/2001 1:01,1/1/2001 1:01,MDSS01.LC03OPC.MP02PI03|450|9999,,EHA
MDSS01.LC03OPC.MP02PI03,MP02 Third Stage Pressure,1/1/2001 1:01,1/1/2001 1:01,MDSS01.LC03OPC.MP02PI03|450|9999,,EHA
MDSS01.LC03OPC.MP02TI01,MP02 First Stage Temp,1/1/2001 1:01,1/1/2001 1:01,MDSS01.LC03OPC.MP02PI03|450|9999,,EHA
MDSS01.LC03OPC.MP02TI02,MP02 Second Stage Temp,1/1/2001 1:01,1/1/2001 1:01,MDSS01.LC03OPC.MP02PI03|450|9999,,EHA
MDSS01.LC03OPC.MP02TI03,MP02 Third Stage Temp,1/1/2001 1:01,1/1/2001 1:01,MDSS01.LC03OPC.MP02PI03|450|9999,,EHA
MDSS01.LC03OPC.AC01PI01,AC01 CW Pump Outlet Pressure,1/1/2001 1:01,1/1/2001 1:01,MDSS01.LC03CALC.AC01EV01|1|1,,EHA
MDSS01.LC03OPC.AC01TI01,AC01 CW Pump Outlet Temperature,1/1/2001 1:01,1/1/2001 1:01,MDSS01.LC03CALC.AC01EV01|1|1,,EHA
MDSS01.LC03OPC.AC01PI05,AC01 Condenser A SW Outlet Pressure,1/1/2001 1:01,1/1/2001 1:01,MDSS01.LC03CALC.AC01EV02|1|1,,EHA
MDSS01.LC03CALC.AC01CA02,AC01 Condenser A Differential Pressure,1/1/2001 1:01,1/1/2001 1:01,MDSS01.LC03CALC.AC01EV02|1|1,,EHA
MDSS01.LC03OPC.AC01TI03,AC01 Condenser A Outlet Temperature,1/1/2001 1:01,1/1/2001 1:01,MDSS01.LC03CALC.AC01EV02|1|1,,EHA
MDSS01.LC03CALC.AC01CA04,AC01 Condenser A Differential Temperature,1/1/2001 1:01,1/1/2001 1:01,MDSS01.LC03CALC.AC01EV02|1|1,,EHA
MDSS01.LC03MDC.SA1AC1AF,AC01 Condenser A SW Outlet Flow,1/1/2001 1:01,1/1/2001 1:01,MDSS01.LC03CALC.AC01EV02|1|1,,EHA
MDSS01.LC03OPC.AC01PI07,AC01 Condenser B SW Outlet Pressure,1/1/2001 1:01,1/1/2001 1:01,MDSS01.LC03CALC.AC01EV03|1|1,,EHA
MDSS01.LC03CALC.AC01CA03,AC01 Condenser B Differential Pressure,1/1/2001 1:01,1/1/2001 1:01,MDSS01.LC03CALC.AC01EV03|1|1,,EHA
MDSS01.LC03OPC.AC01TI04,AC01 Condenser B Outlet Temperature,1/1/2001 1:01,1/1/2001 1:01,MDSS01.LC03CALC.AC01EV03|1|1,,EHA
MDSS01.LC03CALC.AC01CA05,AC01 Condenser B Differential Temperature,1/1/2001 1:01,1/1/2001 1:01,MDSS01.LC03CALC.AC01EV03|1|1,,EHA
MDSS01.LC03MDC.SA1AC1BF,AC01 Condenser B SW Outlet Flow,1/1/2001 1:01,1/1/2001 1:01,MDSS01.LC03CALC.AC01EV03|1|1,,EHA
MDSS01.LC03OPC.AC01PI06,AC01 AC Plant SW Inlet Pressure,1/1/2001 1:01,1/1/2001 1:01,MDSS01.LC03CALC.AC01EV01|1|1,,EHA
MDSS01.LC03OPC.MSWTI01,AC01 AC Plant SW Inlet Temperature,1/1/2001 1:01,1/1/2001 1:01,MDSS01.LC03CALC.AC01EV01|1|1,,EHA
MDSS01.LC03OPC.AC02PI01,AC02 CW Pump Outlet Pressure,1/1/2001 1:01,1/1/2001 1:01,MDSS01.LC03CALC.AC02EV01|1|1,,EHA
MDSS01.LC03OPC.AC02TI01,AC02 CW Pump Outlet Temperature,1/1/2001 1:01,1/1/2001 1:01,MDSS01.LC03CALC.AC02EV01|1|1,,EHA
MDSS01.LC03OPC.AC02PI05,AC02 Condenser A SW Outlet Pressure,1/1/2001 1:01,1/1/2001 1:01,MDSS01.LC03CALC.AC02EV02|1|1,,EHA
MDSS01.LC03CALC.AC02CA02,AC02 Condenser A Differential Pressure,1/1/2001 1:01,1/1/2001 1:01,MDSS01.LC03CALC.AC02EV02|1|1,,EHA
MDSS01.LC03OPC.AC02TI03,AC02 Condenser A Outlet Temperature,1/1/2001 1:01,1/1/2001 1:01,MDSS01.LC03CALC.AC02EV02|1|1,,EHA
MDSS01.LC03CALC.AC02CA04,AC02 Condenser A Differential Temperature,1/1/2001 1:01,1/1/2001 1:01,MDSS01.LC03CALC.AC02EV02|1|1,,EHA
MDSS01.LC03MDC.SA1AC2AF,AC02 Condenser A SW Outlet Flow,1/1/2001 1:01,1/1/2001 1:01,MDSS01.LC03CALC.AC02EV02|1|1,,EHA
MDSS01.LC03OPC.AC02PI07,AC02 Condenser B SW Outlet Pressure,1/1/2001 1:01,1/1/2001 1:01,MDSS01.LC03CALC.AC02EV03|1|1,,EHA
MDSS01.LC03CALC.AC02CA03,AC02 Condenser B Differential Pressure,1/1/2001 1:01,1/1/2001 1:01,MDSS01.LC03CALC.AC02EV03|1|1,,EHA
MDSS01.LC03OPC.AC02TI04,AC02 Condenser B Outlet Temperature,1/1/2001 1:01,1/1/2001 1:01,MDSS01.LC03CALC.AC02EV03|1|1,,EHA
MDSS01.LC03CALC.AC02CA05,AC02 Condenser B Differential Temperature,1/1/2001 1:01,1/1/2001 1:01,MDSS01.LC03CALC.AC02EV03|1|1,,EHA
MDSS01.LC03MDC.SA1AC2BF,AC02 Condenser B SW Outlet Flow,1/1/2001 1:01,1/1/2001 1:01,MDSS01.LC03CALC.AC02EV03|1|1,,EHA
MDSS01.LC03OPC.AC02PI06,AC02 AC Plant SW Inlet Pressure,1/1/2001 1:01,1/1/2001 1:01,MDSS01.LC03CALC.AC02EV01|1|1,,EHA
MDSS01.LC03OPC.MSWTI01,AC02 AC Plant SW Inlet Temperature,1/1/2001 1:01,1/1/2001 1:01,MDSS01.LC03CALC.AC02EV01|1|1,,EHA
MDSS01.LC03CALC.DG01CA12,DG01 Boost Pressure Deviation A,1/1/2001 1:01,1/1/2001 1:01,MDSS01.LC03OPC.DG01SI01|100|2000,,EHA
MDSS01.LC03CALC.DG01CA13,DG01 Boost Pressure Deviation B,1/1/2001 1:01,1/1/2001 1:01,MDSS01.LC03OPC.DG01SI01|100|2000,,EHA
MDSS01.LC03OPC.DG01TI14,DG01 Charge Air Temp A,1/1/2001 1:01,1/1/2001 1:01,MDSS01.LC03OPC.DG01SI01|100|2000,,EHA
MDSS01.LC03OPC.DG01TI13,DG01 Charge Air Temp B,1/1/2001 1:01,1/1/2001 1:01,MDSS01.LC03OPC.DG01SI01|100|2000,,EHA
MDSS01.LC03OPC.DG01TI07,DG01 EGT A1_2,1/1/2001 1:01,1/1/2001 1:01,MDSS01.LC03OPC.DG01SI01|100|2000,,EHA
MDSS01.LC03OPC.DG01TI08,DG01 EGT A3_4,1/1/2001 1:01,1/1/2001 1:01,MDSS01.LC03OPC.DG01SI01|100|2000,,EHA
MDSS01.LC03OPC.DG01TI09,DG01 EGT B1_3,1/1/2001 1:01,1/1/2001 1:01,MDSS01.LC03OPC.DG01SI01|100|2000,,EHA
MDSS01.LC03OPC.DG01TI10,DG01 EGT B2_4,1/1/2001 1:01,1/1/2001 1:01,MDSS01.LC03OPC.DG01SI01|100|2000,,EHA
MDSS01.LC03CALC.DG01CA04,DG01 EGT A1_2 Dev,1/1/2001 1:01,1/1/2001 1:01,MDSS01.LC03OPC.DG01SI01|100|2000,,EHA
MDSS01.LC03CALC.DG01CA05,DG01 EGT A3_4 Dev,1/1/2001 1:01,1/1/2001 1:01,MDSS01.LC03OPC.DG01SI01|100|2000,,EHA
MDSS01.LC03CALC.DG01CA06,DG01 EGT B1_3 Dev,1/1/2001 1:01,1/1/2001 1:01,MDSS01.LC03OPC.DG01SI01|100|2000,,EHA
MDSS01.LC03CALC.DG01CA07,DG01 EGT B2_4 Dev,1/1/2001 1:01,1/1/2001 1:01,MDSS01.LC03OPC.DG01SI01|100|2000,,EHA
MDSS01.LC03CALC.DG01CA09,DG01 Cylinder EGT Dev (Avg),1/1/2001 1:01,1/1/2001 1:01,MDSS01.LC03OPC.DG01SI01|100|2000,,EHA
MDSS01.LC03OPC.DG01TI02,DG01 LO Inlet Temp,1/1/2001 1:01,1/1/2001 1:01,MDSS01.LC03OPC.DG01SI01|100|2000,,EHA
MDSS01.LC03OPC.DG01TI01,DG01 JW Temp,1/1/2001 1:01,1/1/2001 1:01,MDSS01.LC03OPC.DG01SI01|100|2000,,EHA
MDSS01.LC03OPC.DG01PF01,DG01 Power Factor,1/1/2001 1:01,1/1/2001 1:01,MDSS01.LC03OPC.DG01SI01|100|2000,,EHA
MDSS01.LC03OPC.DG01TI18,DG01 Generator Winding Temp A,1/1/2001 1:01,1/1/2001 1:01,MDSS01.LC03OPC.DG01SI01|100|2000,,EHA
MDSS01.LC03OPC.DG01TI19,DG01 Generator Winding Temp B,1/1/2001 1:01,1/1/2001 1:01,MDSS01.LC03OPC.DG01SI01|100|2000,,EHA
MDSS01.LC03OPC.DG01TI20,DG01 Generator Winding Temp C,1/1/2001 1:01,1/1/2001 1:01,MDSS01.LC03OPC.DG01SI01|100|2000,,EHA
MDSS01.LC03OPC.DG01TI15,DG01 Generator Bearing Temp 1,1/1/2001 1:01,1/1/2001 1:01,MDSS01.LC03OPC.DG01SI01|100|2000,,EHA
MDSS01.LC03OPC.DG01TI16,DG01 Generator Bearing Temp 2,1/1/2001 1:01,1/1/2001 1:01,MDSS01.LC03OPC.DG01SI01|100|2000,,EHA
MDSS01.LC03CALC.DG02CA12,DG02 Boost Pressure Deviation A,1/1/2001 1:01,1/1/2001 1:01,MDSS01.LC03OPC.DG02SI01|100|2000,,EHA
MDSS01.LC03CALC.DG02CA13,DG02 Boost Pressure Deviation B,1/1/2001 1:01,1/1/2001 1:01,MDSS01.LC03OPC.DG02SI01|100|2000,,EHA
MDSS01.LC03OPC.DG02TI14,DG02 Charge Air Temp A,1/1/2001 1:01,1/1/2001 1:01,MDSS01.LC03OPC.DG02SI01|100|2000,,EHA
MDSS01.LC03OPC.DG02TI13,DG02 Charge Air Temp B,1/1/2001 1:01,1/1/2001 1:01,MDSS01.LC03OPC.DG02SI01|100|2000,,EHA
MDSS01.LC03OPC.DG02TI07,DG02 EGT A1_2,1/1/2001 1:01,1/1/2001 1:01,MDSS01.LC03OPC.DG02SI01|100|2000,,EHA
MDSS01.LC03OPC.DG02TI08,DG02 EGT A3_4,1/1/2001 1:01,1/1/2001 1:01,MDSS01.LC03OPC.DG02SI01|100|2000,,EHA
MDSS01.LC03OPC.DG02TI09,DG02 EGT B1_3,1/1/2001 1:01,1/1/2001 1:01,MDSS01.LC03OPC.DG02SI01|100|2000,,EHA
MDSS01.LC03OPC.DG02TI10,DG02 EGT B2_4,1/1/2001 1:01,1/1/2001 1:01,MDSS01.LC03OPC.DG02SI01|100|2000,,EHA
MDSS01.LC03CALC.DG02CA04,DG02 EGT A1_2 Dev,1/1/2001 1:01,1/1/2001 1:01,MDSS01.LC03OPC.DG02SI01|100|2000,,EHA
MDSS01.LC03CALC.DG02CA05,DG02 EGT A3_4 Dev,1/1/2001 1:01,1/1/2001 1:01,MDSS01.LC03OPC.DG02SI01|100|2000,,EHA
MDSS01.LC03CALC.DG02CA06,DG02 EGT B1_3 Dev,1/1/2001 1:01,1/1/2001 1:01,MDSS01.LC03OPC.DG02SI01|100|2000,,EHA
MDSS01.LC03CALC.DG02CA07,DG02 EGT B2_4 Dev,1/1/2001 1:01,1/1/2001 1:01,MDSS01.LC03OPC.DG02SI01|100|2000,,EHA
MDSS01.LC03CALC.DG02CA09,DG02 Cylinder EGT Dev (Avg),1/1/2001 1:01,1/1/2001 1:01,MDSS01.LC03OPC.DG02SI01|100|2000,,EHA
MDSS01.LC03OPC.DG02TI02,DG02 LO Inlet Temp,1/1/2001 1:01,1/1/2001 1:01,MDSS01.LC03OPC.DG02SI01|100|2000,,EHA
MDSS01.LC03OPC.DG02TI01,DG02 JW Temp,1/1/2001 1:01,1/1/2001 1:01,MDSS01.LC03OPC.DG02SI01|100|2000,,EHA
MDSS01.LC03OPC.DG02PF01,DG02 Power Factor,1/1/2001 1:01,1/1/2001 1:01,MDSS01.LC03OPC.DG02SI01|100|2000,,EHA
MDSS01.LC03OPC.DG02TI18,DG02 Generator Winding Temp A,1/1/2001 1:01,1/1/2001 1:01,MDSS01.LC03OPC.DG02SI01|100|2000,,EHA
MDSS01.LC03OPC.DG02TI19,DG02 Generator Winding Temp B,1/1/2001 1:01,1/1/2001 1:01,MDSS01.LC03OPC.DG02SI01|100|2000,,EHA
MDSS01.LC03OPC.DG02TI20,DG02 Generator Winding Temp C,1/1/2001 1:01,1/1/2001 1:01,MDSS01.LC03OPC.DG02SI01|100|2000,,EHA
MDSS01.LC03OPC.DG02TI15,DG02 Generator Bearing Temp 1,1/1/2001 1:01,1/1/2001 1:01,MDSS01.LC03OPC.DG02SI01|100|2000,,EHA
MDSS01.LC03OPC.DG02TI16,DG02 Generator Bearing Temp 2,1/1/2001 1:01,1/1/2001 1:01,MDSS01.LC03OPC.DG02SI01|100|2000,,EHA
MDSS01.LC03CALC.DG03CA12,DG03 Boost Pressure Deviation A,1/1/2001 1:01,1/1/2001 1:01,MDSS01.LC03OPC.DG03SI01|100|2000,,EHA
MDSS01.LC03CALC.DG03CA13,DG03 Boost Pressure Deviation B,1/1/2001 1:01,1/1/2001 1:01,MDSS01.LC03OPC.DG03SI01|100|2000,,EHA
MDSS01.LC03OPC.DG03TI14,DG03 Charge Air Temp A,1/1/2001 1:01,1/1/2001 1:01,MDSS01.LC03OPC.DG03SI01|100|2000,,EHA
MDSS01.LC03OPC.DG03TI13,DG03 Charge Air Temp B,1/1/2001 1:01,1/1/2001 1:01,MDSS01.LC03OPC.DG03SI01|100|2000,,EHA
MDSS01.LC03OPC.DG03TI07,DG03 EGT A1_2,1/1/2001 1:01,1/1/2001 1:01,MDSS01.LC03OPC.DG03SI01|100|2000,,EHA
MDSS01.LC03OPC.DG03TI08,DG03 EGT A3_4,1/1/2001 1:01,1/1/2001 1:01,MDSS01.LC03OPC.DG03SI01|100|2000,,EHA
MDSS01.LC03OPC.DG03TI09,DG03 EGT B1_3,1/1/2001 1:01,1/1/2001 1:01,MDSS01.LC03OPC.DG03SI01|100|2000,,EHA
MDSS01.LC03OPC.DG03TI10,DG03 EGT B2_4,1/1/2001 1:01,1/1/2001 1:01,MDSS01.LC03OPC.DG03SI01|100|2000,,EHA
MDSS01.LC03CALC.DG03CA04,DG03 EGT A1_2 Dev,1/1/2001 1:01,1/1/2001 1:01,MDSS01.LC03OPC.DG03SI01|100|2000,,EHA
MDSS01.LC03CALC.DG03CA05,DG03 EGT A3_4 Dev,1/1/2001 1:01,1/1/2001 1:01,MDSS01.LC03OPC.DG03SI01|100|2000,,EHA
MDSS01.LC03CALC.DG03CA06,DG03 EGT B1_3 Dev,1/1/2001 1:01,1/1/2001 1:01,MDSS01.LC03OPC.DG03SI01|100|2000,,EHA
MDSS01.LC03CALC.DG03CA07,DG03 EGT B2_4 Dev,1/1/2001 1:01,1/1/2001 1:01,MDSS01.LC03OPC.DG03SI01|100|2000,,EHA
MDSS01.LC03CALC.DG03CA09,DG03 Cylinder EGT Dev (Avg),1/1/2001 1:01,1/1/2001 1:01,MDSS01.LC03OPC.DG03SI01|100|2000,,EHA
MDSS01.LC03OPC.DG03TI02,DG03 LO Inlet Temp,1/1/2001 1:01,1/1/2001 1:01,MDSS01.LC03OPC.DG03SI01|100|2000,,EHA
MDSS01.LC03OPC.DG03TI01,DG03 JW Temp,1/1/2001 1:01,1/1/2001 1:01,MDSS01.LC03OPC.DG03SI01|100|2000,,EHA
MDSS01.LC03OPC.DG03PF01,DG03 Power Factor,1/1/2001 1:01,1/1/2001 1:01,MDSS01.LC03OPC.DG03SI01|100|2000,,EHA
MDSS01.LC03OPC.DG03TI18,DG03 Generator Winding Temp A,1/1/2001 1:01,1/1/2001 1:01,MDSS01.LC03OPC.DG03SI01|100|2000,,EHA
MDSS01.LC03OPC.DG03TI19,DG03 Generator Winding Temp B,1/1/2001 1:01,1/1/2001 1:01,MDSS01.LC03OPC.DG03SI01|100|2000,,EHA
MDSS01.LC03OPC.DG03TI20,DG03 Generator Winding Temp C,1/1/2001 1:01,1/1/2001 1:01,MDSS01.LC03OPC.DG03SI01|100|2000,,EHA
MDSS01.LC03OPC.DG03TI15,DG03 Generator Bearing Temp 1,1/1/2001 1:01,1/1/2001 1:01,MDSS01.LC03OPC.DG03SI01|100|2000,,EHA
MDSS01.LC03OPC.DG03TI16,DG03 Generator Bearing Temp 2,1/1/2001 1:01,1/1/2001 1:01,MDSS01.LC03OPC.DG03SI01|100|2000,,EHA
MDSS01.LC03CALC.DG04CA12,DG04 Boost Pressure Deviation A,1/1/2001 1:01,1/1/2001 1:01,MDSS01.LC03OPC.DG04SI01|100|2000,,EHA
MDSS01.LC03CALC.DG04CA13,DG04 Boost Pressure Deviation B,1/1/2001 1:01,1/1/2001 1:01,MDSS01.LC03OPC.DG04SI01|100|2000,,EHA
MDSS01.LC03OPC.DG04TI14,DG04 Charge Air Temp A,1/1/2001 1:01,1/1/2001 1:01,MDSS01.LC03OPC.DG04SI01|100|2000,,EHA
MDSS01.LC03OPC.DG04TI13,DG04 Charge Air Temp B,1/1/2001 1:01,1/1/2001 1:01,MDSS01.LC03OPC.DG04SI01|100|2000,,EHA
MDSS01.LC03OPC.DG04TI07,DG04 EGT A1_2,1/1/2001 1:01,1/1/2001 1:01,MDSS01.LC03OPC.DG04SI01|100|2000,,EHA
MDSS01.LC03OPC.DG04TI08,DG04 EGT A3_4,1/1/2001 1:01,1/1/2001 1:01,MDSS01.LC03OPC.DG04SI01|100|2000,,EHA
MDSS01.LC03OPC.DG04TI09,DG04 EGT B1_3,1/1/2001 1:01,1/1/2001 1:01,MDSS01.LC03OPC.DG04SI01|100|2000,,EHA
MDSS01.LC03OPC.DG04TI10,DG04 EGT B2_4,1/1/2001 1:01,1/1/2001 1:01,MDSS01.LC03OPC.DG04SI01|100|2000,,EHA
MDSS01.LC03CALC.DG04CA04,DG04 EGT A1_2 Dev,1/1/2001 1:01,1/1/2001 1:01,MDSS01.LC03OPC.DG04SI01|100|2000,,EHA
MDSS01.LC03CALC.DG04CA05,DG04 EGT A3_4 Dev,1/1/2001 1:01,1/1/2001 1:01,MDSS01.LC03OPC.DG04SI01|100|2000,,EHA
MDSS01.LC03CALC.DG04CA06,DG04 EGT B1_3 Dev,1/1/2001 1:01,1/1/2001 1:01,MDSS01.LC03OPC.DG04SI01|100|2000,,EHA
MDSS01.LC03CALC.DG04CA07,DG04 EGT B2_4 Dev,1/1/2001 1:01,1/1/2001 1:01,MDSS01.LC03OPC.DG04SI01|100|2000,,EHA
MDSS01.LC03CALC.DG04CA09,DG04 Cylinder EGT Dev (Avg),1/1/2001 1:01,1/1/2001 1:01,MDSS01.LC03OPC.DG04SI01|100|2000,,EHA
MDSS01.LC03OPC.DG04TI02,DG04 LO Inlet Temp,1/1/2001 1:01,1/1/2001 1:01,MDSS01.LC03OPC.DG04SI01|100|2000,,EHA
MDSS01.LC03OPC.DG04TI01,DG04 JW Temp,1/1/2001 1:01,1/1/2001 1:01,MDSS01.LC03OPC.DG04SI01|100|2000,,EHA
MDSS01.LC03OPC.DG04PF01,DG04 Power Factor,1/1/2001 1:01,1/1/2001 1:01,MDSS01.LC03OPC.DG04SI01|100|2000,,EHA
MDSS01.LC03OPC.DG04TI18,DG04 Generator Winding Temp A,1/1/2001 1:01,1/1/2001 1:01,MDSS01.LC03OPC.DG04SI01|100|2000,,EHA
MDSS01.LC03OPC.DG04TI19,DG04 Generator Winding Temp B,1/1/2001 1:01,1/1/2001 1:01,MDSS01.LC03OPC.DG04SI01|100|2000,,EHA
MDSS01.LC03OPC.DG04TI20,DG04 Generator Winding Temp C,1/1/2001 1:01,1/1/2001 1:01,MDSS01.LC03OPC.DG04SI01|100|2000,,EHA
MDSS01.LC03OPC.DG04TI15,DG04 Generator Bearing Temp 1,1/1/2001 1:01,1/1/2001 1:01,MDSS01.LC03OPC.DG04SI01|100|2000,,EHA
MDSS01.LC03OPC.DG04TI16,DG04 Generator Bearing Temp 2,1/1/2001 1:01,1/1/2001 1:01,MDSS01.LC03OPC.DG04SI01|100|2000,,EHA
MDSS01.LC03OPC.PD01SI02,PD01 Engine Speed,1/1/2001 1:01,1/1/2001 1:01,MDSS01.LC03OPC.PD01SI02|200|99999,,EHA
MDSS01.LC03OPC.PD01TI21,PD01 Avg EGT,1/1/2001 1:01,1/1/2001 1:01,MDSS01.LC03OPC.PD01SI02|200|99999,,EHA
MDSS01.LC03OPC.PD02SI02,PD02 Engine Speed,1/1/2001 1:01,1/1/2001 1:01,MDSS01.LC03OPC.PD02SI02|200|99999,,EHA
MDSS01.LC03OPC.PD02TI21,PD02 Avg EGT,1/1/2001 1:01,1/1/2001 1:01,MDSS01.LC03OPC.PD02SI02|200|99999,,EHA
MDSS01.LC03OPC.GT01SI01,GT01 Engine Speed,1/1/2001 1:01,1/1/2001 1:01,,,EHA
MDSS01.LC03OPC.GT02SI01,GT02 Engine Speed,1/1/2001 1:01,1/1/2001 1:01,,,EHA
MDSS01.LC03OPC.CG01SI07,CG01 Shaft Speed,1/1/2001 1:01,1/1/2001 1:01,,,EHA
MDSS01.LC03OPC.CG02SI07,CG02 Shaft Speed,1/1/2001 1:01,1/1/2001 1:01,,,EHA
MDSS01.LC03OPC.DG01VI01,DG01 Volts,1/1/2001 1:01,1/1/2001 1:01,MDSS01.LC03OPC.DG01SI01|100|2000,,EHA
MDSS01.LC03OPC.DG01TI11,DG01 EGT,1/1/2001 1:01,1/1/2001 1:01,MDSS01.LC03OPC.DG01SI01|100|2000,,EHA
MDSS01.LC03OPC.DG02VI01,DG02 Volts,1/1/2001 1:01,1/1/2001 1:01,MDSS01.LC03OPC.DG02SI01|100|2000,,EHA
MDSS01.LC03OPC.DG02TI11,DG02 EGT,1/1/2001 1:01,1/1/2001 1:01,MDSS01.LC03OPC.DG02SI01|100|2000,,EHA
MDSS01.LC03OPC.DG03VI01,DG03 Volts,1/1/2001 1:01,1/1/2001 1:01,MDSS01.LC03OPC.DG03SI01|100|2000,,EHA
MDSS01.LC03OPC.DG03TI11,DG03 EGT,1/1/2001 1:01,1/1/2001 1:01,MDSS01.LC03OPC.DG03SI01|100|2000,,EHA
MDSS01.LC03OPC.DG04VI01,DG04 Volts,1/1/2001 1:01,1/1/2001 1:01,MDSS01.LC03OPC.DG04SI01|100|2000,,EHA
MDSS01.LC03OPC.DG04TI11,DG04 EGT,1/1/2001 1:01,1/1/2001 1:01,MDSS01.LC03OPC.DG04SI01|100|2000,,EHA
MDSS01.LC03OPC.CG01TI21,LSB 1 AVG Temp,1/1/2001 1:01,1/1/2001 1:01,MDSS01.LC03OPC.CG01SI07|300|1400,,EHA
MDSS01.LC03OPC.CG02TI21,LSB 2 AVG Temp,1/1/2001 1:01,1/1/2001 1:01,MDSS01.LC03OPC.CG02SI07|300|1400,,EHA
MDSS01.LC03OPC.CG01TI22,LSB 3 AVG Temp,1/1/2001 1:01,1/1/2001 1:01,MDSS01.LC03OPC.CG01SI07|300|1400,,EHA
MDSS01.LC03OPC.CG02TI22,LSB 4 AVG Temp,1/1/2001 1:01,1/1/2001 1:01,MDSS01.LC03OPC.CG02SI07|300|1400,,EHA
MDSS01.LC03OPC.SG01TI16,LSB 5 AVG Temp,1/1/2001 1:01,1/1/2001 1:01,MDSS01.LC03OPC.CG01SI07|300|1400,,EHA
MDSS01.LC03OPC.SG02TI16,LSB 6 AVG Temp,1/1/2001 1:01,1/1/2001 1:01,MDSS01.LC03OPC.CG02SI07|300|1400,,EHA
MDSS01.LC03OPC.SG01TI17,LSB 7 AVG Temp,1/1/2001 1:01,1/1/2001 1:01,MDSS01.LC03OPC.CG01SI07|300|1400,,EHA
MDSS01.LC03OPC.SG02TI17,LSB 8 AVG Temp,1/1/2001 1:01,1/1/2001 1:01,MDSS01.LC03OPC.CG02SI07|300|1400,,EHA
MDSS01.LC03OPC.SG01TI18,LSB 9 AVG Temp,1/1/2001 1:01,1/1/2001 1:01,MDSS01.LC03OPC.CG01SI07|300|1400,,EHA
MDSS01.LC03OPC.SG02TI18,LSB 10 AVG Temp,1/1/2001 1:01,1/1/2001 1:01,MDSS01.LC03OPC.CG02SI07|300|1400,,EHA
MDSS01.LC03OPC.SG01TI19,LSB 11S AVG Temp,1/1/2001 1:01,1/1/2001 1:01,MDSS01.LC03OPC.CG01SI07|300|1400,,EHA
MDSS01.LC03OPC.SG01TI20,LSB 11B AVG Temp,1/1/2001 1:01,1/1/2001 1:01,MDSS01.LC03OPC.SG01SI02|100|500,,EHA
MDSS01.LC03OPC.SG02TI19,LSB 12S AVG Temp,1/1/2001 1:01,1/1/2001 1:01,MDSS01.LC03OPC.CG02SI07|300|1400,,EHA
MDSS01.LC03OPC.SG02TI20,LSB 12B AVG Temp,1/1/2001 1:01,1/1/2001 1:01,MDSS01.LC03OPC.SG02SI02|100|500,,EHA
MDSS01.LC03OPC.SG01TI21,LSB 13S AVG Temp,1/1/2001 1:01,1/1/2001 1:01,MDSS01.LC03OPC.CG01SI07|300|1400,,EHA
MDSS01.LC03OPC.WJSBTI04,LSB 13B AVG Temp,1/1/2001 1:01,1/1/2001 1:01,MDSS01.LC03OPC.SG01SI02|100|500,,EHA
MDSS01.LC03OPC.SG02TI21,LSB 14S AVG Temp,1/1/2001 1:01,1/1/2001 1:01,MDSS01.LC03OPC.CG02SI07|300|1400,,EHA
MDSS01.LC03OPC.WJPBTI04,LSB 14B AVG Temp,1/1/2001 1:01,1/1/2001 1:01,MDSS01.LC03OPC.SG02SI02|100|500,,EHA
MDSS01.LC03OPC.WJSSTI03,LSB 15S AVG Temp,1/1/2001 1:01,1/1/2001 1:01,MDSS01.LC03OPC.CG01SI07|300|1400,,EHA
MDSS01.LC03OPC.WJSBTI05,LSB 15B AVG Temp,1/1/2001 1:01,1/1/2001 1:01,MDSS01.LC03OPC.SG01SI02|100|500,,EHA
MDSS01.LC03OPC.WJPSTI03,LSB 16S AVG Temp,1/1/2001 1:01,1/1/2001 1:01,MDSS01.LC03OPC.CG02SI07|300|1400,,EHA
MDSS01.LC03OPC.WJPBTI05,LSB 16B AVG Temp,1/1/2001 1:01,1/1/2001 1:01,MDSS01.LC03OPC.SG02SI02|100|500,,EHA
MDSS01.LC03OPC.WJSSTI04,LSB 17S AVG Temp,1/1/2001 1:01,1/1/2001 1:01,MDSS01.LC03OPC.CG01SI07|300|1400,,EHA
MDSS01.LC03OPC.WJSBTI06,LSB 17B AVG Temp,1/1/2001 1:01,1/1/2001 1:01,MDSS01.LC03OPC.SG01SI02|100|500,,EHA
MDSS01.LC03OPC.WJPSTI04,LSB 18S AVG Temp,1/1/2001 1:01,1/1/2001 1:01,MDSS01.LC03OPC.CG02SI07|300|1400,,EHA
MDSS01.LC03OPC.WJPBTI06,LSB 18B AVG Temp,1/1/2001 1:01,1/1/2001 1:01,MDSS01.LC03OPC.SG02SI02|100|500,,EHA
MDSS01.LC03OPC.WJSSTI05,LSB 19S AVG Temp,1/1/2001 1:01,1/1/2001 1:01,MDSS01.LC03OPC.CG01SI07|300|1400,,EHA
MDSS01.LC03OPC.WJPSTI05,LSB 20S AVG Temp,1/1/2001 1:01,1/1/2001 1:01,MDSS01.LC03OPC.CG02SI07|300|1400,,EHA
MDSS01.LC03OPC.CG01TI21,LSB 1 MAX Temp,1/1/2001 1:01,1/1/2001 1:01,MDSS01.LC03OPC.CG01SI07|1400|99999,,EHA
MDSS01.LC03OPC.CG02TI21,LSB 2 MAX Temp,1/1/2001 1:01,1/1/2001 1:01,MDSS01.LC03OPC.CG02SI07|1400|99999,,EHA
MDSS01.LC03OPC.CG01TI22,LSB 3 MAX Temp,1/1/2001 1:01,1/1/2001 1:01,MDSS01.LC03OPC.CG01SI07|1400|99999,,EHA
MDSS01.LC03OPC.CG02TI22,LSB 4 MAX Temp,1/1/2001 1:01,1/1/2001 1:01,MDSS01.LC03OPC.CG02SI07|1400|99999,,EHA
MDSS01.LC03OPC.SG01TI16,LSB 5 MAX Temp,1/1/2001 1:01,1/1/2001 1:01,MDSS01.LC03OPC.CG01SI07|1400|99999,,EHA
MDSS01.LC03OPC.SG02TI16,LSB 6 MAX Temp,1/1/2001 1:01,1/1/2001 1:01,MDSS01.LC03OPC.CG02SI07|1400|99999,,EHA
MDSS01.LC03OPC.SG01TI17,LSB 7 MAX Temp,1/1/2001 1:01,1/1/2001 1:01,MDSS01.LC03OPC.CG01SI07|1400|99999,,EHA
MDSS01.LC03OPC.SG02TI17,LSB 8 MAX Temp,1/1/2001 1:01,1/1/2001 1:01,MDSS01.LC03OPC.CG02SI07|1400|99999,,EHA
MDSS01.LC03OPC.SG01TI18,LSB 9 MAX Temp,1/1/2001 1:01,1/1/2001 1:01,MDSS01.LC03OPC.CG01SI07|1400|99999,,EHA
MDSS01.LC03OPC.SG02TI18,LSB 10 MAX Temp,1/1/2001 1:01,1/1/2001 1:01,MDSS01.LC03OPC.CG02SI07|1400|99999,,EHA
MDSS01.LC03OPC.SG01TI19,LSB 11S MAX Temp,1/1/2001 1:01,1/1/2001 1:01,MDSS01.LC03OPC.CG01SI07|1400|99999,,EHA
MDSS01.LC03OPC.SG01TI20,LSB 11B MAX Temp,1/1/2001 1:01,1/1/2001 1:01,MDSS01.LC03OPC.SG01SI02|500|99999,,EHA
MDSS01.LC03OPC.SG02TI19,LSB 12S MAX Temp,1/1/2001 1:01,1/1/2001 1:01,MDSS01.LC03OPC.CG02SI07|1400|99999,,EHA
MDSS01.LC03OPC.SG02TI20,LSB 12B MAX Temp,1/1/2001 1:01,1/1/2001 1:01,MDSS01.LC03OPC.SG02SI02|500|99999,,EHA
MDSS01.LC03OPC.SG01TI21,LSB 13S MAX Temp,1/1/2001 1:01,1/1/2001 1:01,MDSS01.LC03OPC.CG01SI07|1400|99999,,EHA
MDSS01.LC03OPC.WJSBTI04,LSB 13B MAX Temp,1/1/2001 1:01,1/1/2001 1:01,MDSS01.LC03OPC.SG01SI02|500|99999,,EHA
MDSS01.LC03OPC.SG02TI21,LSB 14S MAX Temp,1/1/2001 1:01,1/1/2001 1:01,MDSS01.LC03OPC.CG02SI07|1400|99999,,EHA
MDSS01.LC03OPC.WJPBTI04,LSB 14B MAX Temp,1/1/2001 1:01,1/1/2001 1:01,MDSS01.LC03OPC.SG02SI02|500|99999,,EHA
MDSS01.LC03OPC.WJSSTI03,LSB 15S MAX Temp,1/1/2001 1:01,1/1/2001 1:01,MDSS01.LC03OPC.CG01SI07|1400|99999,,EHA
MDSS01.LC03OPC.WJSBTI05,LSB 15B MAX Temp,1/1/2001 1:01,1/1/2001 1:01,MDSS01.LC03OPC.SG01SI02|500|99999,,EHA
MDSS01.LC03OPC.WJPSTI03,LSB 16S MAX Temp,1/1/2001 1:01,1/1/2001 1:01,MDSS01.LC03OPC.CG02SI07|1400|99999,,EHA
MDSS01.LC03OPC.WJPBTI05,LSB 16B MAX Temp,1/1/2001 1:01,1/1/2001 1:01,MDSS01.LC03OPC.SG02SI02|500|99999,,EHA
MDSS01.LC03OPC.WJSSTI04,LSB 17S MAX Temp,1/1/2001 1:01,1/1/2001 1:01,MDSS01.LC03OPC.CG01SI07|1400|99999,,EHA
MDSS01.LC03OPC.WJSBTI06,LSB 17B MAX Temp,1/1/2001 1:01,1/1/2001 1:01,MDSS01.LC03OPC.SG01SI02|500|99999,,EHA
MDSS01.LC03OPC.WJPSTI04,LSB 18S MAX Temp,1/1/2001 1:01,1/1/2001 1:01,MDSS01.LC03OPC.CG02SI07|1400|99999,,EHA
MDSS01.LC03OPC.WJPBTI06,LSB 18B MAX Temp,1/1/2001 1:01,1/1/2001 1:01,MDSS01.LC03OPC.SG02SI02|500|99999,,EHA
MDSS01.LC03OPC.WJSSTI05,LSB 19S MAX Temp,1/1/2001 1:01,1/1/2001 1:01,MDSS01.LC03OPC.CG01SI07|1400|99999,,EHA
MDSS01.LC03OPC.WJPSTI05,LSB 20S MAX Temp,1/1/2001 1:01,1/1/2001 1:01,MDSS01.LC03OPC.CG02SI07|1400|99999,,EHA
